DBRep_DrawableShape

CASCADE Topology V3, (c) Open Cascade
Locations 0
Curve2ds 469
8 -9.0999999999999979 -6.2500000000000009
1 -7.8000000000000016 -0.79892802221442327 -1 -0 
8 -9.0999999999999979 -6.2500000000000009
1 -5.9853185595567835 7.8000000000000016 -0 -1 
1 1.2999999999999972 0 0 -1 
1 0 -0 -1.7347234759768071e-18 -1 
1 1.2999999999999972 0 0 -1 
1 0 -0 -1.7347234759768071e-18 -1 
8 2.4250000000000007 3.7249999999999979
1 -2.4250000000000007 -2.6210841500279054 1 0 
8 2.4250000000000007 3.7249999999999979
1 2.4250000000000007 -1.7971698113207901 1 0 
1 -2.4250000000000007 -2.6210841500279054 1 0 
1 2.4250000000000007 -1.7971698113207897 1 0 
1 0 0 0 -1 
1 38.000000000000007 0 1.7347234759768071e-18 -1 
1 0 0 0 -1 
1 19.000000000000004 -0.77500000000000036 0 1 
1 0 -0.80000000000000016 1 0 
1 -1.5500000000000007 -0.80000000000000016 1 0 
1 0 0 0 -1 
1 38.000000000000007 0 0 -1 
1 -1.5500000000000007 -0 0 -1 
8 -2.4494050892260963 5.4125956923002754
1 3.018328523689946 -0.35579391762836443 -0.98939391699795887 -0.14525727867283056 
8 -2.4494050892260963 5.4125956923002754
1 -2.9346342245972248 16.899999999999999 -1 0 
8 -25.024999999999999 8.7749999999999986
1 13.558244980765922 -8.125 0 1 
8 -25.024999999999999 8.7749999999999986
1 -0.48522913537113749 8.1250000000000018 0 1 
8 -21.849168757920776 -16.349079333735126
1 16.382565339451347 2.3748227728245777 -0.98939391699795887 0.14525727867283056 
8 -21.849168757920776 -16.349079333735126
1 15.863850198363993 14.050000000000004 1 0 
1 19 0.64999999999999858 -1 0 
1 0 -0 1 0 
1 0 -0 1 0 
1 19 0.64999999999999858 -1 0 
8 -6.4000006000000011 -3.7391081204847954
1 31.904379892148331 4.3240222082229378 -0.052139598982193155 0.99863980604519065 
8 -6.4000006000000011 -3.7391081204847954
1 3.6639074753958405 2.3592239273284576e-16 0 1 
1 31.904379892148331 4.3240222082229378 -0.052139598982193155 0.99863980604519065 
8 13.791549743061754 19.791549743061754
1 16.963990549831202 -2.8647418140890131 0.99863980604519065 0.052139598982193253 
8 13.791549743061754 19.791549743061754
1 16.791549743061754 -2.6000000000000014 -1 0 
1 16.963990549831202 -2.8647418140890131 0.99863980604519065 0.052139598982193253 
8 -14.25014333039635 -10.199269837701266
1 28.690596774722952 7.3399814189575778 -0.52152416270523461 0.85323651335055051 
8 -14.25014333039635 -10.199269837701266
1 -6.5462675212749133 5.8662255126134957 -0.64183687905548392 0.76684119652266736 
1 28.690596774722952 7.3399814189575778 -0.52152416270523461 0.85323651335055051 
1 36.122390843537481 -4.8187611910154056 0.99992082337131782 0.012583599978784984 
1 4.4408920985006262e-16 -5.061371449487142 0.74591698971251919 -0.66603892112864815 
8 -2.8578963091105534 -1.1621417267877512
1 1.8325872300793513 -2.8792481675949122 0.58735282826998569 0.80933099231602923 
8 -2.8578963091105534 -1.1621417267877512
1 -1.2033652043002105 -0.85823095942185001 -0.38324921653091737 -0.92364497401785184 
1 38.682587230079363 -2.8792481675949118 0.58735282826998569 0.80933099231602923 
1 38.682587230079363 -2.8792481675949118 0.58735282826998569 0.80933099231602923 
1 38.000000000000007 0 -1.7347234759768071e-18 -1 
1 0 -0 0 -1 
1 1.1499999999999952 -5.2041704279304213e-17 -1.7347234759768071e-18 -1 
1 0 -5.5506756045449063e-17 0 -1 
1 38.000000000000007 0 -1.7347234759768071e-18 -1 
1 0 -0 0 -1 
1 38.000000000000007 -5.9000000000000012 -1 1.7347234759768071e-18 
1 -19.000000000000004 0.64999999999999858 1 0 
1 0 -0 -1.7347234759768071e-18 -1 
1 1.1000000000000028 3.0750000000000028 -1 0 
1 0 0 1 0 
1 0.26105199610542285 -4.3991930291610641 -0.98939391699795887 -0.14525727867283056 
1 1.1000000000000028 3.0750000000000028 -1 0 
1 2.200000000000006 -9.4368957093138306e-16 0 -1 
1 0 0 0 -1 
1 -1.9156146212900922 -4.7187590422412908 -0.14525727867283056 0.98939391699795887 
1 1.1000000000000028 3.0750000000000028 -1 0 
1 9.9920072216264089e-16 -2.899999999999999 1 0 
1 -0.16019411204578654 -1.5299506698669849 -0.98939391699795887 -0.14525727867283056 
1 1.1000000000000028 3.0750000000000028 -1 0 
1 6.1499999999999986 0 0 -1 
1 0 0 0 -1 
1 0.26105199610542285 -4.3991930291610641 -0.14525727867283056 0.98939391699795887 
1 6.1499999999999986 0 0 -1 
1 1.1000000000000028 -19.574999999999996 -5.5244132107617694e-18 1 
1 -16.5 -8.8031221389073071e-16 1 4.1232422196287142e-17 
8 0.56466103213469776 2.3618308434554902
1 37.656926878994106 -4.9578652195209232 0.14525727867283056 0.98939391699795887 
8 0.56466103213469776 2.3618308434554902
1 4.8500000000000014 0.56466103213469776 0 -1 
1 4.8500000000000014 0.56466103213469776 0 -1 
1 1.1000000000000028 3.0750000000000028 5.2073387218438764e-18 -1 
1 6.1499999999999986 -2.899999999999999 -1 -3.8865881407979287e-17 
1 0 0 0 -1 
1 13.500000000000005 6.6613381477509392e-16 0 -1 
1 -16.5 -8.8031221389073071e-16 0 -1 
8 -17.5 3.5
1 -13 -1.7971698113207739 -1 0 
8 -17.5 3.5
1 13 -1.7210841500279224 -1 0 
8 -1.7500000000000009 0.047169811320785439
1 4.5 -1.7500000000000009 0 -1 
8 -1.7500000000000009 0.047169811320785439
1 0.0068517584279676001 -1.767753674414636 -0.14525727867283056 0.98939391699795887 
1 19.000000000000004 0.7749999999999968 -1 0 
1 -1.4190038033490282e-15 -0.80000000000000027 1 0 
1 38.000000000000007 -0.80000000000000027 -1 0 
8 -18.702700613876463 -18.438850198363987
1 19.495661781196649 -1.7208158274907368 -0.98939391699795887 0.14525727867283014 
8 -18.702700613876463 -18.438850198363987
1 19.538850198363988 1.7750000000000057 1 0 
1 19.538850198363988 1.7750000000000057 1 0 
1 -19 -0.64999999999999858 1 0 
1 -1.8041124150158794e-16 -5.9000000000000012 1 0 
1 -19.000000000000004 -0.64999999999999858 1 0 
8 5.2041704279304213e-17 5.9000000000000004
1 1.1499999999999952 5.2041704279304213e-17 1.7347234759768071e-18 -1 
8 5.2041704279304213e-17 5.9000000000000004
1 32.5 0 0 -1 
8 0.2989047877763642 3.8450463526553325
1 -0.17556257248388757 -2.0939943605241003 0.58735282826998569 -0.80933099231602923 
8 0.2989047877763642 3.8450463526553325
1 0.11282693563274387 -1.7700071357434886 0.38324921653091737 0.92364497401785184 
8 2.0804899839925914 4.0975081999262279
1 3.5059499017944353 -0.72615012649784805 -0.52152416270523461 -0.85323651335055051 
8 2.0804899839925914 4.0975081999262279
1 -1.3353351982319985 -2.6940743017095476 0.64183687905548392 -0.76684119652266736 
8 -1.5549699468213145 0.76731575307970246
1 1.6536691052708328 -2.4916445520062558 0.99992082337131782 -0.012583599978784185 
8 -1.5549699468213145 0.76731575307970246
1 2.0276461433037944 -4.8005418867340754 0.74591698971251896 0.6660389211286486 
1 -18.999999999999996 -0.77500000000000036 1 0 
1 -3.5388358909926865e-16 -0.80000000000000016 1 0 
8 -16.637499999999999 -15.087499999999999
1 -17.850000000000005 -15.862500000000001 0 -1 
8 -16.637499999999999 -15.087499999999999
1 15.862500000000001 -0.80000000000000016 -1 -0 
1 -18.999999999999996 -0.77500000000000036 1 0 
1 0 0 1 0 
1 -19 -2.1999999999999993 1 0 
8 5.2041704279304213e-17 0.80000000000000027
1 1.1499999999999952 5.2041704279304213e-17 1.7347234759768071e-18 -1 
8 5.2041704279304213e-17 0.80000000000000027
1 30.949999999999999 0 0 -1 
1 38.000000000000007 0 -1 -3.4694469519536136e-17 
1 -19.000000000000004 0.64999999999999858 1 0 
3 -14.628841232675432 3.25 1 0 -0 1 3.0040861398070917 3
7 0 0  5 6 2  2.5380556840872148 -4.4969510988848205  2.7794704718882461 -4.4658181946426119  3.0208852596892726 -4.428209955645066  3.2623000474903208 -4.3878968885754119  3.5037148352913401 -4.3502886495778492  3.7451296230923714 -4.3191557453356406 
 4.1088520108821118 6 5.3159259498872693 6
3 -14.628841232675432 3.25 1 0 -0 1 3.0040861398070926 3
1 0.57500000000000195 -16.899999999999999 0 1 
1 0 0 1 0 
1 -17.850000000000009 -33.149999999999999 0 1 
1 10.004593977083895 0.7749999999999968 -1 0 
1 0 -0 1 0 
1 1.0091879541677764 -30.300000000000001 -1 0 
1 1.0091879541677764 -30.300000000000001 0 -1 
1 2.8499999999999979 0 -1 -0 
1 -10.004593977083891 -0.64999999999999858 1 0 
1 0 0 1 0 
1 -19.000000000000004 -33.149999999999999 1 0 
3 -5.6334352097593188 -3.25 1 0 -0 1 3.0040861398070917 3
7 0 0  5 6 2  5.6796483376770102 -4.3191557453356406  5.8003557315775254 -4.3347221974567454  5.9210631254780406 -4.3519076535800068  6.041770519378554 -4.3702401174541521  6.162477913279071 -4.3891468001007912  6.2831853071795862 -4.4080534221102301 
 0.96725935729232004 6 1.5707963267948961 6
3 -14.628841232675432 -35.75 1 0 -0 1 3.0040861398070926 3
3 -5.6334352097593188 -3.25 1 0 -0 1 3.0040861398070917 3
7 0 0  5 6 2  0 -4.4080534221102301  0.1207073939005151 -4.426960044119669  0.24141478780102776 -4.4458667267663259  0.36212218170155008 -4.464199190640457  0.48282957560206008 -4.4813846467637148  0.60353696950257518 -4.4969510988848196 
 1.5707963267948961 6 2.1743332962974717 6
3 -14.628841232675432 -35.75 1 0 -0 1 3.0040861398070926 3
1 -16.127542712077297 -33.149999999999999 -1 0 
1 33.799999999999997 2.7753378022724532e-17 -1 1.5977556615782047e-19 
1 -19.000000000000004 -33.149999999999999 5.2561108240091658e-17 1 
7 0 0  8 16 3  6.2831853071795871 -0.29566916744802629  5.8904862254808625 -0.40627381596930112  5.4977871437829648 -0.51687934639784316  5.1050880620826078 -0.60148436403414962  4.712388980385434 -0.63415864196122129  4.3196898986882601 -0.60148436403505912  3.92699081698904 -0.51687934639778632  3.5342917352885168 -0.40627381596930112  2.7488935718910685 -0.18506451892675146  2.3561944901955698 -0.074458988497696055  1.9634954084915748 0.010146029139136203  1.5707963268244143 0.042820307067785279  1.1780972450972271 0.010146029139164625  0.78539816339823432 -0.074458988497696055  0.39269908169872458 -0.18506451892675146  8.8817841970012523e-16 -0.29566916744802629 
 1.5707963267948966 9 4.7123889803846897 7 7.8539816339744828 9
3 27.787299800745512 19.5 1 0 -0 1 3.0131923417391606 3
1 0 0 0 -1 
1 6.2831853071795862 0 0 -1 
1 0 -6.4000000000000004 1 0 
2 0 0 0 1 -1 0 3
8 -6.4000006000000011 -3.8953915087448738
1 34.893634297760713 4.4800930207630607 -0.052139598982193155 0.99863980604519065 
8 -6.4000006000000011 -3.8953915087448738
1 2.6192778317837457 -2.3592239273284576e-16 0 1 
7 0 0  6 7 2  2.0349402350707035 -4.7613189914629528  2.1973874831054712 -5.1413509085744975  2.3598347311402676 -5.4800871692173132  2.5222819791748066 -5.7594871924520703  2.6847292272098002 -5.96472660259451  2.8471764752445416 -6.0872776279082093  3.0096237232793093 -6.1253413651083752 
 2.0793111641153867 7 3.0539946523239925 7
3 0.57979690365155356 0.91010968465961017 -0.62054381843042228 0.78417177289659645 -0.78417177289659645 -0.62054381843042228 4.0216080009076585 3
7 0 0  5 6 2  1.8465818472224793 -6.4000006000000011  1.908249605279114 -6.092828561302797  1.9699173633357532 -5.7649989634161116  2.0315851213923892 -5.4189448192586056  2.0932528794490182 -5.0574293497403291  2.1549206375056529 -4.6834163403986047 
 3.9950157828162998 6 4.3033545730994733 6
3 3.6465603085693248 1.6427902018975313 0.81919944758526653 0.5735087314731957 -0.5735087314731957 0.81919944758526653 7.2591890088882502 3
8 -0.88230883250090819 2.6326751617872111
1 0.53619058087198646 -0.79446332110443407 -0.54604635739516405 -0.83775496153438134 
8 -0.88230883250090819 2.6326751617872111
1 1.6824282847194156 -0.72278690818434543 -0.5735087314731957 -0.81919944758526653 
2 -1.8452543100108584e-15 0 0 1 1 -0 1.1499999999999999
1 6.2831853071795862 -7.4999999999999991 -1 0 
8 -2.4410881935449043 -0.072837563805829425
1 0.5361733448097401 0.58467306721593459 0.99901577182109513 -0.044356371049732696 
8 -2.4410881935449043 -0.072837563805829425
1 0.68576754347094393 0.04519889996923937 -0.78417177289659656 0.62054381843042217 
8 -2.8409976848342366 -0.83111752687928964
1 -1.4486835628281709 1.3892237126552445 0.54604635739516405 0.83775496153438134 
8 -2.8409976848342366 -0.83111752687928964
1 -0.47665315854568158 -0.78875226988058933 -0.5735087314731957 0.81919944758526653 
3 3.6465603085693168 -1.6427902018975238 -0.81919944758526653 0.5735087314731957 -0.5735087314731957 -0.81919944758526653 2.7826891200738291 1.1499999999999999
7 0 0  8 9 2  5.0660619439809746 -7.9334357362225765  4.8011045544959732 -7.3947133706226227  4.5361471650071508 -6.9773179967305623  4.2711897755289101 -6.7388786976807751  4.0062323860111064 -6.7188552321822499  3.7412749965587864 -6.9256040760483302  3.4763176070669033 -7.330107855769711  3.2113602175859661 -7.8771191568261987  2.9464028281009647 -8.5000006000000017 
 5.3518747347843769 9 7.4715338506643896 9
8 -0.72020284738551243 0.031306318924452882
1 2.5820455527465418 -1.3525948990447381 0.5735087314731957 0.81919944758526653 
8 -0.72020284738551243 0.031306318924452882
1 0.15598517172357856 -0.5466464912915967 0.54604635739516405 0.83775496153438134 
1 0 0 1.6653345369377346e-16 -1 
1 2.5999999999999979 -2.4043681199413111e-15 9.2483738507934031e-17 -1 
8 0.31371821034299041 1.6381015789097331
1 -0.24600896519461019 -1.1322728837184999 0.78417177289659656 -0.62054381843042206 
8 0.31371821034299041 1.6381015789097331
1 0.48648931317586308 -0.53433486862829227 -0.99901577182109513 0.044356371049732723 
3 0.57979690365155068 -0.91010968465960806 0.62054381843042228 0.78417177289659645 -0.78417177289659645 0.62054381843042228 1.5416164003479358 1.1499999999999999
7 0 0  8 9 2  1.9880665069775623 -8.5000006000000035  1.739558193605367 -8.2715682815445906  1.4910498802316852 -8.0108595712317765  1.2425415668658388 -7.7393754172626359  0.99403325348066573 -7.482845751917921  0.74552494012186798 -7.2670786600247084  0.4970166267426066 -7.1120481004973044  0.24850831337219331 -7.0283398300120021  -1.7763568394002505e-15 -7.0170227614210328 
 4.2507478711573423 9 6.2388143781349035 9
1 0 0 -9.2483738507934031e-17 -1 
1 2.6000000000000005 4.4408920985006262e-16 1.6653345369377346e-16 -1 
1 0.45434981011720466 1.7814506027522814 -0.85992323571903284 -0.51042338178272018 
1 8.8817841970012523e-16 -5.8362123925024152 1 1.1102230246251563e-16 
1 -0.45434981011720738 -1.7814506027522781 0.85992323571903284 0.51042338178272018 
1 -8.8817841970012523e-16 -5.8362123925024152 1 -1.1102230246251563e-16 
1 -1.7814506027522783 0.45434981011720726 0.51042338178272029 -0.85992323571903295 
1 -2.1577987204701472e-16 -5.8362123925024143 1 0 
8 -1.719085351574323 0.58560685166419291
1 1.13280966965457 -2.5267483712174394 0.65896069012347347 0.75217737859629596 
8 -1.719085351574323 0.58560685166419291
1 0.10065718774738219 -1.2741213077288649 0.49947053819751985 -0.86633087297676281 
1 1.13280966965457 -2.5267483712174394 0.65896069012347347 0.75217737859629596 
1 1.13280966965457 -2.5267483712174394 0.65896069012347347 0.75217737859629596 
1 1.1499999999999952 -5.2041704279304213e-17 -1.7347234759768071e-18 -1 
1 0 -5.5506756045449063e-17 0 -1 
1 0 -0 0 -1 
8 0.23124225149710939 0.8526448362669532
1 -0.15563533517982364 -2.3155654066885138 0.67304021722764196 0.73960588558648488 
8 0.23124225149710939 0.8526448362669532
1 1.7474384111333194 -5.0156917389337314 0.99990236567826185 -0.01397351462644803 
1 -0.15563533517982364 -2.3155654066885138 0.67304021722764196 0.73960588558648488 
1 -0.15563533517982364 -2.3155654066885138 0.67304021722764196 0.73960588558648488 
8 2.5776560894999441 3.6699031111698579
1 -1.506065506306939 0.0301072873445987 0.74652877270355922 -0.66535313294950205 
8 2.5776560894999441 3.6699031111698579
1 -1.7328571302993916 -3.1193302391709241 0.67226079435428432 -0.74031440913583924 
1 -1.506065506306939 0.03010728734459877 0.74652877270355922 -0.66535313294950205 
1 -1.506065506306939 0.03010728734459877 0.74652877270355922 -0.66535313294950205 
1 0 -5.9000000000000004 1 9.9199543875400304e-19 
1 -19.000000000000004 0.64999999999999858 -7.8826162431406958e-17 -1 
1 1.2999999999999972 0 0 -1 
1 0 0 1.7347234759768071e-18 -1 
1 33.799999999999997 -5.5506756045449063e-17 0 -1 
1 1.7758669283936423e-15 -5.010634190931473e-17 1.7347234759768071e-18 -1 
1 33.799999999999997 2.7753378022724532e-17 0 -1 
8 10.550828811422509 12.855521014661011
1 25.328717000282161 5.8498266127494203 0.65896069012347347 -0.75217737859629608 
8 10.550828811422509 12.855521014661011
1 -5.6629787019913485 -10.92195933758032 0.49947053819751974 0.86633087297676281 
1 -7.1712829997178407 5.8498266127494203 0.65896069012347347 -0.75217737859629608 
1 25.328717000282161 5.8498266127494203 0.65896069012347347 -0.75217737859629608 
8 9.8203721801808648 10.912619201850784
1 25.235186849621734 -8.9456896421068599 0.74652877270355922 0.66535313294950205 
8 9.8203721801808648 10.912619201850784
1 -4.736126053122022 -13.106375420567046 0.67226079435428432 0.74031440913583924 
1 -7.2648131503782665 -8.9456896421068599 0.74652877270355922 0.66535313294950205 
1 25.235186849621734 -8.9456896421068599 0.74652877270355922 0.66535313294950205 
8 11.821607910261934 12.443010495031771
1 25.425353513457985 7.0583865200549267 0.67304021722764196 -0.73960588558648488 
8 11.821607910261934 12.443010495031771
1 -11.820453715591761 -5.1927955950666478 0.99990236567826185 0.01397351462644803 
1 -7.0746464865420133 7.0583865200549267 0.67304021722764196 -0.73960588558648488 
1 25.425353513457985 7.0583865200549267 0.67304021722764196 -0.73960588558648488 
1 33.799999999999997 -5.5506756045449063e-17 0 -1 
1 1.7758669283936423e-15 -5.010634190931473e-17 1.7347234759768071e-18 -1 
1 33.799999999999997 2.7753378022724532e-17 0 -1 
1 19 -0.64999999999999858 0 1 
1 0 -5.9000000000000004 1 0 
1 18.999999999999996 -0.64999999999999858 0 1 
1 -19.000000000000007 -33.149999999999999 1 0 
1 -1.0685896612017132e-15 -5.9000000000000012 1 6.9388939039072284e-18 
1 10.004593977083891 -0.64999999999999858 0 1 
1 0 -5.9000000000000012 1 0 
1 1.0091879541677764 -33.149999999999999 0 1 
1 0 -5.9000000000000012 1 0 
1 10.004593977083891 0.64999999999999858 -1 0 
1 -1.5959455978986625e-15 -5.9000000000000021 1 0 
1 1.0091879541677764 -31.850000000000001 -1 0 
1 0.57500000000000195 -16.899999999999999 0 1 
1 0 -5.9000000000000004 1 0 
1 -17.850000000000009 -33.149999999999999 0 1 
8 -2.1875 -0.88750000000000284
1 -0.88750000000000284 -4.4375192224951006 -1 -0 
8 -2.1875 -0.88750000000000284
1 0.83614958448753629 0.88750000000000284 -0 -1 
1 0.8361495844875364 0.88750000000000284 -0 -1 
8 0.16114958448753106 0.42500000000000271
1 0.67500000000000004 1.4250000000000043 1 -0 
8 0.16114958448753106 0.42500000000000271
1 -0.15944041861871239 -3.5609273725970185 0.98939391699795887 0.14525727867283014 
8 -5.0374999999999979 15.962500000000002
1 0.83614958448753629 -14.537499999999998 0 1 
8 -5.0374999999999979 15.962500000000002
1 14.537499999999998 -3.5375192224951006 1 0 
1 -6.7499999999999956 -8.75 1 0 
1 -12.400000000000002 -19.574999999999996 1 0 
1 0 0 1 0 
1 -6.7499999999999956 8.75 -0 -1 
1 -12.400000000000002 -2.0749999999999957 -0 -1 
1 0 0 1 0 
1 6.7500000000000098 8.75 -1 0 
1 0 0 1 0 
1 1.1000000000000028 -2.0749999999999957 -1 0 
1 -1.8000000000000007 2.8749999999999982 -0 -1 
1 0 0 1 0 
1 -8.1999999999999922 2.6750000000000043 -0 -1 
1 1.8000000000000007 2.8749999999999982 -1 0 
1 -4.5999999999999917 2.6750000000000043 -1 0 
1 0 0 1 0 
1 1.8000000000000007 -2.8750000000000018 0 1 
1 0 0 1 0 
1 -4.5999999999999917 -3.0749999999999957 0 1 
1 1.1000000000000028 -2.0749999999999957 -1 0 
1 -1.100000000000003 3.0750000000000028 -0 -1 
1 0 0 1 0 
1 -1.100000000000003 3.0750000000000028 -0 -1 
1 0.099999999999990472 -3.0749999999999957 -1 0 
1 -3.1086244689504383e-15 -0.99999999999999956 1 -8.3266726846886728e-17 
8 -11.625 3.875
1 5.7499999999999982 -3.875 0 -1 
8 -11.625 3.875
1 3.875 -0.99999999999999956 -1 0 
1 0.099999999999990472 -14.699999999999996 0 -1 
8 -11.625 3.875
1 -5.7499999999999982 3.8749999999999996 0 1 
8 -11.625 3.875
1 3.875 -1.0000000000000029 -1 0 
1 -11.400000000000004 -6.9499999999999957 0 1 
8 -8.6249999999999964 2.8750000000000044
1 -2.8749999999999991 -7.7500000000000018 -1 0 
8 -8.6249999999999964 2.8750000000000044
1 2.8750000000000027 -1.0000000000000022 -1 -8.3266726846886728e-17 
1 -8.5250000000000057 -18.574999999999996 -1 0 
8 0 2.8999999999999995
1 2.200000000000006 -5.5511151231257827e-17 0 -1 
8 0 2.8999999999999995
1 5.1499999999999986 0 0 -1 
1 -1.100000000000003 3.0750000000000028 -0 -1 
1 0 -2.8999999999999995 1 0 
1 -1.1000000000000028 3.0750000000000028 -0 -1 
1 6.7500000000000098 8.75 -1 0 
1 9.9920072216264089e-16 -2.899999999999999 1 0 
1 1.1000000000000028 -2.0749999999999957 -1 0 
1 -6.7499999999999956 8.75 -0 -1 
1 0 -2.899999999999999 1 0 
1 -12.400000000000002 -2.0749999999999957 -0 -1 
1 -6.7499999999999956 -8.75 1 0 
1 -9.9920072216264089e-16 -2.899999999999999 1 0 
1 -12.400000000000002 -19.574999999999996 1 0 
8 -11.625 3.875
1 5.7500000000000053 -3.875 0 -1 
8 -11.625 3.875
1 3.875 -3.8999999999999986 -1 0 
1 0.09999999999999766 -14.699999999999996 0 -1 
8 -8.6249999999999982 2.8750000000000036
1 -2.8749999999999991 -7.7500000000000018 -1 0 
8 -8.6249999999999982 2.8750000000000036
1 2.8750000000000018 -3.9000000000000012 -1 -8.3266726846886728e-17 
1 -8.5250000000000057 -18.574999999999996 -1 0 
8 -11.625 3.875
1 -5.7499999999999911 3.8749999999999996 0 1 
8 -11.625 3.875
1 3.875 -3.9000000000000012 -1 0 
1 -11.399999999999997 -6.9499999999999957 0 1 
1 11.499999999999993 -3.8999999999999999 -1 8.3266726846886728e-17 
1 -11.400000000000004 -3.0749999999999957 1 0 
8 -1.0089989955942098 0.80743607687296204
1 13.35343555171637 -0.79887234282280439 -0.14525727867283056 0.98939391699795876 
8 -1.0089989955942098 0.80743607687296204
1 9.5 -2.7300831456221379 0 -1 
1 0 0 0 -1 
1 17.5 0 0 -1 
1 0 -0 1.7347234759768071e-18 -1 
1 30.5 0 0 -1 
8 -5.9000000000000004 0
1 18.859187954167787 0 1.7347234759768071e-18 1 
8 -5.9000000000000004 0
1 1.2999999999999972 -1.6576896079429433e-17 -0 1 
8 -1.8124999999999982 -0.26249999999999751
1 -8.8545939770838888 -1.0374999999999996 0 -1 
8 -1.8124999999999982 -0.26249999999999751
1 1.0375000000000014 -0.80000000000000016 -1 -0 
8 -0.80000000000000027 0
1 18.859187954167787 0 1.7347234759768071e-18 1 
8 -0.80000000000000027 0
1 2.8499999999999979 -1.6576896079429433e-17 -0 1 
8 7.9021011438165951 10.589282483794996
1 25.894795943561224 -8.3722770489977929 0.74652877270355922 0.66535313294950205 
8 7.9021011438165951 10.589282483794996
1 7.6000102457431948 -11.686251731718636 -0.67226079435428432 0.74031440913583924 
8 10.465546933453567 13.767907827441563
1 24.543291995481937 5.1617386458269667 0.65896069012347347 -0.75217737859629596 
8 10.465546933453567 13.767907827441563
1 7.0086829621357341 -10.146113004458773 -0.49947053819751985 0.86633087297676281 
8 -2.63147216435486 0.67088872963313628
1 1.9182346744547871 -3.2148363381398912 0.65896069012347347 0.75217737859629608 
8 -2.63147216435486 0.67088872963313628
1 -1.4463614478917686 -0.4982749746073174 -0.49947053819751974 -0.86633087297676281 
8 1.1531147422345889 3.840296082212991
1 -0.86083333330676837 -0.55943626632146926 0.74652877270355922 -0.66535313294950205 
8 1.1531147422345889 3.840296082212991
1 2.8939430410510005 -2.9931858674922269 -0.67226079435428432 -0.74031440913583924 
1 1.7814506027522783 -0.4543498101172046 -0.51042338178272029 0.85992323571903295 
1 2.1577987204701472e-16 -5.8362123925024143 1 0 
1 2.6000000000000005 -4.4408920985006262e-16 -1.6653345369377346e-16 -1 
1 0 0 9.2483738507934031e-17 -1 
8 -1.2742934206461844 -0.66083495200926257
1 -0.66077043183694228 -5.6686655086925111 -0.99990236567826185 -0.013973514626448027 
8 -1.2742934206461844 -0.66083495200926257
1 0.85765072064346271 -1.7808816173021922 0.67304021722764196 0.73960588558648488 
8 12.087463977608753 13.04315629453837
1 -7.758180155083986 4.3511704283952444 0.64183687905548392 -0.76684119652266736 
8 12.087463977608753 13.04315629453837
1 29.697678834457381 8.405540668661974 0.52152416270523461 -0.85323651335055051 
8 -19.153914185317081 -18.655458083852864
1 16.515423135615602 7.5072662642112018 0.74591698971251896 0.6660389211286486 
8 -19.153914185317081 -18.655458083852864
1 17.347602357034198 -2.1426777727914725 -0.99992082337131782 -0.012583599978784185 
8 -3.8779882610812955 -3.3249188602914579
1 -0.007019468891100944 -2.7885007336868215 -0.67226079435428432 0.74031440913583924 
8 -3.8779882610812955 -3.3249188602914579
1 -2.4821475961122985 0.31059260184232756 -0.74652877270355922 0.66535313294950205 
1 0 -4.2765683785167266 0.74591698971252962 0.6660389211286365 
1 37.495129008142726 -1.3185460845339707 -0.9999208233713176 -0.012583599978798042 
8 1.5360774782583881 2.5041457442394681
1 -0.15597251255636449 -0.0079086927484757208 0.52152416270523461 -0.85323651335055051 
8 1.5360774782583881 2.5041457442394681
1 3.5859111746327819 -3.0986408871375382 -0.64183687905548392 -0.76684119652266736 
1 36.694027487443641 -0.0079086927484757208 0.52152416270523461 -0.85323651335055051 
1 10.004593977083895 0.7749999999999968 -1 0 
1 -1.4190038033490282e-15 -0.80000000000000027 1 0 
1 1.5499999999999972 0 0 -1 
1 0 -0 0 -1 
1 2.8499999999999979 0 0 -1 
1 0 0 0 -1 
1 20.009187954167782 5.5511151231257827e-17 1.7347234759768071e-18 -1 
1 0 0 0 -1 
1 1.2999999999999972 0 0 -1 
1 0 -0 -1.7347234759768071e-18 -1 
1 1.2999999999999972 0 0 -1 
1 10.004593977083895 -0.77500000000000036 0 1 
1 0 -0.80000000000000016 1 0 
1 1.3000000000000007 -0.80000000000000016 1 0 
8 -6.4000006000000011 -3.7391081204848002
1 6.0956201078516763 4.3240222082229369 0.052139598982193155 0.99863980604519065 
8 -6.4000006000000011 -3.7391081204848002
1 5.7608704853735384 2.3592239273284576e-16 0 1 
8 -0.81739342820312721 5.1826065717968728
1 2.0876616680272608 -1.8754369128068342 0.99863980604519065 -0.052139598982193253 
8 -0.81739342820312721 5.1826065717968728
1 -2.1826065717968728 2.600000000000005 1 0 
8 -0.5440771964703266 3.5067962962247581
1 3.7064881586289622 -1.8266345461939693 -0.52152416270523461 -0.85323651335055051 
8 -0.5440771964703266 3.5067962962247581
1 2.2507911902522282 -2.3722155817288897 -0.64183687905548392 -0.76684119652266736 
1 1.7322323585225965 -5.8362123925024152 0.74591698971251919 0.66603892112864815 
1 0.71434441450311814 -4.8041219737492948 0.99992082337131782 -0.012583599978784984 
8 1.4998696030429874 3.1956241853657952
1 -0.88095265338347939 -2.6059145303724702 0.58735282826998569 -0.80933099231602934 
8 1.4998696030429874 3.1956241853657952
1 1.3327991482756776 -1.1701716149107284 -0.3832492165309172 0.92364497401785173 
1 -0.88095265338348117 -2.6059145303724698 0.58735282826998569 -0.80933099231602934 
7 0 0  8 16 3  6.2831853071795871 -0.29566916744802629  5.8904862254808625 -0.40627381596930112  5.4977871437829648 -0.51687934639784316  5.1050880620826078 -0.60148436403414962  4.712388980385434 -0.63415864196122129  4.3196898986882601 -0.60148436403505912  3.92699081698904 -0.51687934639778632  3.5342917352885168 -0.40627381596930112  2.7488935718910685 -0.18506451892675146  2.3561944901955698 -0.074458988497696055  1.9634954084915748 0.010146029139136203  1.5707963268244143 0.042820307067785279  1.1780972450972271 0.010146029139164625  0.78539816339823432 -0.074458988497696055  0.39269908169872458 -0.18506451892675146  8.8817841970012523e-16 -0.29566916744802629 
 1.5707963267948966 9 4.7123889803846897 7 7.8539816339744828 9
3 27.787299800745512 -19.5 1 0 -0 1 3.0131923417391606 3
1 0 0 0 -1 
1 6.2831853071795862 0 0 -1 
1 0 -6.4000000000000004 1 0 
2 0 3.5527136788005009e-15 0 1 -1 0 3
7 0 0  5 6 2  0.98667201608414024 -4.683416340398602  1.0483397741407752 -5.0574293497403282  1.1100075321974057 -5.4189448192585701  1.1716752902540488 -5.7649989634161329  1.2333430483106791 -6.0928285613027988  1.295010806367314 -6.4000006000000038 
 1.9798307340801127 6 2.2881695243632874 6
3 -1.0465603085693265 1.64279020189753 -0.81919944758526653 0.5735087314731957 -0.5735087314731957 -0.81919944758526653 7.2591890088882502 3
7 0 0  6 7 2  0.13196893031048929 -6.1253413651083743  0.29441617834525602 -6.0872776279082057  0.45686342638001776 -5.9647266025944532  0.61931067441479115 -5.7594871924518429  0.78175792244954323 -5.4800871692172564  0.94420517048432318 -5.1413509085744957  1.1066524185190898 -4.7613189914629528 
 3.2291906548555991 7 4.2038741430641995 7
3 2.020203096348447 0.91010968465961084 0.62054381843042228 0.78417177289659645 -0.78417177289659645 0.62054381843042228 4.0216080009076585 3
8 -6.4000006000000011 -3.8953915087448685
1 3.1063657022392936 4.4800930207630598 0.052139598982193155 0.99863980604519065 
8 -6.4000006000000011 -3.8953915087448685
1 0.5223148218060476 -2.3592239273284576e-16 0 1 
8 -3.0386572934560894 -2.0705890274750107
1 1.584733200717841 0.44815607785071393 0.52152416270523461 0.85323651335055051 
8 -3.0386572934560894 -2.0705890274750107
1 -1.3289803992010905 -2.6887554111810816 -0.64183687905548392 0.76684119652266736 
1 1.5847332007178392 0.44815607785071399 0.52152416270523461 0.85323651335055051 
7 0 0  8 16 3  6.2831853071795862 -1.395669167448025  5.8904862254808625 -1.4380676160478472  5.497787143781828 -1.4804664027121817  5.1050880620835173 -1.5128983261356552  4.7123889803927099 -1.5254234660087604  4.3196898986818937 -1.5128983261365647  3.9269908169869936 -1.4804664027117269  3.5342917352885173 -1.4380676160478472  2.748893571891069 -1.3532707188482029  2.3561944901932961 -1.3108719321824083  1.9634954085006697 -1.278440008753023  1.5707963268062244 -1.2659148688817368  1.1780972451008651 -1.2784400087557515  0.78539816339914381 -1.3108719321826356  0.39269908169874057 -1.3532707188482012  1.6875389974302379e-14 -1.3956691674480233 
 1.5707963267948966 9 4.7123889803846897 7 7.8539816339744828 9
3 27.787299800745515 19.5 1 0 -0 1 1.1550570643333447 1.1499999999999999
1 2.5999999999999979 2.4043681199413111e-15 -9.2483738507934031e-17 -1 
1 0 0 -1.6653345369377346e-16 -1 
1 0 0 0 -1 
1 6.2831853071795862 0 0 -1 
1 0 -8.5000000000000018 1 0 
2 0 0 0 1 -1 0 1.1499999999999986
1 1.7814506027522772 0.45434981011720715 -0.85992323571903295 0.5104233817827204 
1 -8.8817841970012523e-16 -5.8362123925024152 1 -1.1102230246251563e-16 
1 0.45434981011720615 -1.7814506027522776 0.51042338178272029 0.85992323571903295 
1 2.1577987204701472e-16 -5.8362123925024143 1 0 
1 -1.7814506027522796 -0.45434981011720471 0.85992323571903295 -0.5104233817827204 
1 8.8817841970012523e-16 -5.8362123925024152 1 1.1102230246251563e-16 
1 2.6000000000000005 4.4408920985006262e-16 1.6653345369377346e-16 -1 
1 0 0 9.2483738507934031e-17 -1 
8 0.085556175964136033 2.0954363339190856
1 -1.8557946227100066 -0.76462599179779644 -0.54604635739516405 0.83775496153438134 
8 0.085556175964136033 2.0954363339190856
1 2.6490672139468892 -1.3995157166912082 -0.5735087314731957 -0.81919944758526653 
1 2.5999999999999979 -2.4043681199413111e-15 9.2483738507934031e-17 -1 
1 0 0 -1.6653345369377346e-16 -1 
1 -10.004593977083887 -0.77500000000000036 1 0 
1 -3.5561831257524545e-16 -0.80000000000000027 1 0 
1 20.009187954167782 -0.80000000000000049 -1 0 
8 10.206178180608024 12.528463880509042
1 7.382893759463756 -2.6297306100373974 0.99992082337131782 0.012583599978784185 
8 10.206178180608024 12.528463880509042
1 -7.612961704948729 2.5082321738710665 0.74591698971251896 -0.6660389211286486 
8 -8.4807577542586028 -6.4637395383249707
1 14.217267498622059 3.0137984403860667 -0.52152416270523461 0.85323651335055051 
8 -8.4807577542586028 -6.4637395383249707
1 6.7486664123060329 0.66718203119214181 0.64183687905548392 0.76684119652266736 
8 2.0311802154777543 5.5773217803567396
1 16.733332232303461 -6.849806639985065 0.58735282826998569 0.80933099231602934 
8 2.0311802154777543 5.5773217803567396
1 -2.3648861640279151 3.6575400001028053 0.3832492165309172 -0.92364497401785173 
1 13.500000000000005 -6.6613381477509392e-16 0 -1 
1 0 0 0 -1 
8 -0.36999999999999889 -8.8817841970012523e-16
1 5.6999999999999957 8.8817841970012523e-16 -2.7755575615628907e-17 1 
8 -0.36999999999999889 -8.8817841970012523e-16
1 1 -8.8031221389073071e-16 0 1 
8 1.9500000000000011 5.5500000000000025
1 3.7499999999999973 -0.36999999999999755 1 -8.3266726846886728e-17 
8 1.9500000000000011 5.5500000000000025
1 3.7500000000000018 -1.8750000000000018 -1 0 
8 6.6613381477509392e-16 0.36999999999999889
1 9.2999999999999972 6.6613381477509392e-16 2.7755575615628907e-17 -1 
8 6.6613381477509392e-16 0.36999999999999889
1 4.75 -8.8031221389073071e-16 0 -1 
1 -1.8000000000000007 2.8749999999999982 -0 -1 
1 0 -0.36999999999999977 1 0 
1 0 0 0 -1 
1 3.6000000000000014 -2.2204460492503131e-16 2.7755575615628907e-17 -1 
1 5.75 0 0 -1 
1 0 0 2.7755575615628907e-17 -1 
1 1.8000000000000007 2.8749999999999982 -1 0 
1 2.5882074261573962e-15 -0.36999999999999977 1 0 
1 1.8000000000000007 -2.8750000000000018 0 1 
1 0 -0.36999999999999977 1 0 
1 11.499999999999996 1.5543122344752192e-15 0 -1 
1 0 0 0 -1 
1 11.499999999999996 1.5543122344752192e-15 0 -1 
1 15.5 0 0 -1 
1 0 0 0 -1 
1 1.1999999999999906 0.99999999999999822 0 -1 
1 0 0 0 -1 
1 0 0 0 -1 
1 11.499999999999996 -1.5543122344752192e-15 0 -1 
1 15.5 0 0 -1 
1 0 0 0 -1 
1 -0.45434981011720849 1.7814506027522803 -0.51042338178272029 -0.85992323571903295 
1 -2.1577987204701472e-16 -5.8362123925024143 1 0 
1 -0 0 1.6653345369377346e-16 -1 
1 2.5999999999999979 2.4043681199413111e-15 -9.2483738507934031e-17 -1 
8 -8.933583956098385 -8.3805145553085563
1 -5.6338913720493711 -11.863647003092492 -0.67226079435428432 -0.74031440913583924 
8 -8.933583956098385 -8.3805145553085563
1 23.830822533409666 -7.8456406523129534 -0.74652877270355922 -0.66535313294950205 
8 1.376595143952585 1.8750512454167971
1 -1.026825705829983 -4.0011289666097678 0.74591698971251896 -0.6660389211286486 
8 1.376595143952585 1.8750512454167971
1 1.8749027851805782 -1.9252474734675291 -0.99992082337131782 0.012583599978784185 
1 0 -0 0 -1 
1 36.500000000000014 1.1102230246251565e-16 1.7347234759768071e-18 -1 
8 -0.94658574095974712 1.4216648887793291
1 -0.4822466148130527 -0.62989098557885725 -0.99901577182109513 -0.044356371049732696 
8 -0.94658574095974712 1.4216648887793291
1 1.1148294762989281 -0.58739793016695185 -0.78417177289659656 -0.62054381843042217 
2 -1.8452543100108584e-15 3.5527136788005009e-15 0 1 1 -0 1.1499999999999999
1 6.2831853071795862 -7.4999999999999991 -1 0 
8 -3.378236512702367 0.13674748158575223
1 0.94330164075382594 0.1698656002469896 0.54604635739516405 -0.83775496153438134 
8 -3.378236512702367 0.13674748158575223
1 0.48998577068178983 -0.11202346137372224 -0.5735087314731957 0.81919944758526653 
8 0.71425503199069973 1.4657641983006644
1 -0.40963149734533394 -0.74183145223411684 0.5735087314731957 -0.81919944758526653 
8 0.71425503199069973 1.4657641983006644
1 0.56309623160541811 -0.077951229565847768 -0.54604635739516405 0.83775496153438134 
3 -1.0465603085693211 -1.6427902018975242 0.81919944758526653 0.5735087314731957 -0.5735087314731957 0.81919944758526653 2.7826891200738291 1.1499999999999999
7 0 0  5 6 2  0.19518982548882877 -8.5000006000000035  0.15615186039106344 -8.4082272620835639  0.11711389529329375 -8.3182553375574315  0.078075930195531829 -8.2303762121505173  0.039037965097766886 -8.1448697778901931  1.544658121217611e-15 -8.0619991293274644 
 5.0948367636947847 6 5.2900265891836113 6
3 -1.0465603085693211 -1.6427902018975242 0.81919944758526653 0.5735087314731957 -0.5735087314731957 0.81919944758526653 2.7826891200738291 1.1499999999999999
7 0 0  8 9 2  6.283185307179588 -8.0619991293274644  6.0426266458806897 -7.5513359267425857  5.8020679845812069 -7.1321808327538747  5.5615093232852573 -6.8495653962381766  5.3209506619853286 -6.7372177648285287  5.080392000687219 -6.8092572097448283  4.8398333393861535 -7.0552187791390679  4.5992746780873039 -7.4443218778305029  4.3587160167884065 -7.9334357362225738 
 5.2900265891836113 9 7.2144958795747929 9
1 0 0 -9.2483738507934031e-17 -1 
1 2.6000000000000005 -4.4408920985006262e-16 -1.6653345369377346e-16 -1 
3 2.0202030963484496 -0.91010968465960873 -0.62054381843042228 0.78417177289659645 -0.78417177289659645 -0.62054381843042228 1.5416164003479358 1.1499999999999999
7 0 0  8 16 3  4.6937766011196951 -7.978075556137977  4.4725109477129781 -7.7513559637099165  4.251245294302862 -7.5282519769989449  4.0299796408871771 -7.3256787451064156  3.8087139874805871 -7.1601678112492664  3.5874483340758161 -7.0452426861556887  3.3661826806760473 -6.9887958824283487  3.1449170272726796 -6.9922236478035078  2.7023857204592465 -7.1100405454633044  2.4811200670526237 -7.2244308659176841  2.2598544136464298 -7.3898991600810291  2.0385887602398043 -7.5962848035055686  1.8173231068327311 -7.8282376140140286  1.5960574534257357 -8.0676332661121375  1.3747918000189467 -8.2966101157285692  1.1535261466122302 -8.5000006000000052 
 4.7753722886943661 9 6.5454975159481066 7 8.3156227432018319 9
8 -0.61867827414415766 0.70570509442258245
1 2.0466059849644842 -1.7648697138546932 0.78417177289659656 0.62054381843042206 
8 -0.61867827414415766 0.70570509442258245
1 -0.53193064644692978 0.48911695026536961 0.99901577182109513 0.044356371049732723 
7 0 0  8 16 3  6.2831853071795862 -1.395669167448025  5.8904862254808625 -1.4380676160478472  5.497787143781828 -1.4804664027121817  5.1050880620835173 -1.5128983261356552  4.7123889803927099 -1.5254234660087604  4.3196898986818937 -1.5128983261365647  3.9269908169869936 -1.4804664027117269  3.5342917352885173 -1.4380676160478472  2.748893571891069 -1.3532707188482029  2.3561944901932961 -1.3108719321824083  1.9634954085006697 -1.278440008753023  1.5707963268062244 -1.2659148688817368  1.1780972451008651 -1.2784400087557515  0.78539816339914381 -1.3108719321826356  0.39269908169874057 -1.3532707188482012  1.6875389974302379e-14 -1.3956691674480233 
 1.5707963267948966 9 4.7123889803846897 7 7.8539816339744828 9
3 27.787299800745515 -19.5 1 0 -0 1 1.1550570643333447 1.1499999999999999
8 -2.6909523823957202 -1.7352600654660812
1 3.7137539047683639 -3.5873260062388681 0.64183687905548392 0.76684119652266736 
8 -2.6909523823957202 -1.7352600654660812
1 1.403396688108584 -0.42733770282856393 0.52152416270523461 0.85323651335055051 
8 9.6248251893490604 10.238283657985985
1 12.223885476069849 -5.7939239573853119 -0.99990236567826185 0.013973514626448027 
8 9.6248251893490604 10.238283657985985
1 23.609223342790898 4.848938320574117 0.67304021722764196 -0.73960588558648488 
2 2.3589244409952817e-16 1.0749999999999975 0 1 1 -0 1.6000000000000001
1 6.2831853071795862 -0.37000000000000066 -1 0 
1 0 0 -1.7347234759768071e-18 -1 
1 30.5 0 0 -1 
1 0 0 0 -1 
1 6.2831853071795862 0 0 -1 
1 0 -8.5000000000000018 1 0 
2 0 0 0 1 -1 0 1.1499999999999986
1 0 0 0 -1 
1 6.2831853071795862 0 0 -1 
1 0 -1.6699999999999999 1 0 
2 7.1604439331756102e-15 -1.7763568394002505e-15 0 1 -1 0 1.6000000000000014
Curves 189
1 7.7999999999999998 0.1558157793242701 44.457852898228907 -1 0 0 
1 16.899999999999999 -0.6430489864627944 44.447799507585515 0 0.99992082337131771 0.012583599978784221 
1 13.175000000000001 1.977827634958619 44.480782182040201 1 0 0 
1 15.600000000000001 -0.6430489864627944 44.447799507585515 0 0.99992082337131771 0.012583599978784221 
1 14.050000000000001 0.15688767223425992 44.457866387568544 1 0 0 
1 14.050000000000001 -0.6430489864627944 44.447799507585515 0 0.9999208233713176 0.012583599978784218 
1 16.899999999999999 -0.24930180065066487 41.434187133306651 0 0.13279564041826891 0.9911434396119978 
1 8.125 -0.57457211811821152 39.006475348167974 1 -0 0 
1 14.050000000000002 -2.745658578490652 22.802192622840309 0 -0.13279564041826891 -0.9911434396119978 
1 16.899999999999999 -0.6430489864627944 44.447799507585515 0 0.012583599978784221 -0.99992082337131782 
1 16.899999999999999 -4.5652568790509758 12.491533930909588 -0 -0.99921684096872632 0.039568986902361561 
1 16.899999999999999 2.4349340781502851 27.521200874366045 -0 -0.039568986902361665 -0.99921684096872632 
1 16.899999999999999 -7.6214182574713174 15.667110967562202 0 -0.85973160840270779 0.51074608320895931 
8 0 1.1633568526329539
1 16.899999999999999 4.6298803879394548 8.3889060763959993 0 -7.6346171657472579e-16 -1 
1 16.899999999999999 2.7227374158168125 5.8045063415324059 -0 -0.80187589917921254 -0.59749062111093376 
1 16.899999999999999 -0.16487218726899405 6.4508082194754408 0 0.99992082337131771 0.012583599978784221 
8 0 38
1 16.899999999999999 5.7346606706217811 6.5250514593502658 0 -0.012583599978784221 0.99992082337131771 
1 16.899999999999999 3.7590807033179514 44.242125866005473 0 0.13279564041826891 0.9911434396119978 
1 16.899999999999999 4.0512311122381428 46.422641433151874 0 -0.9911434396119978 0.13279564041826891 
1 16.899999999999999 0.88476472844315923 44.627233223218454 0 0.13279564041826891 0.9911434396119978 
1 16.899999999999999 3.7590807033179514 44.242125866005473 0 -0.9911434396119978 0.13279564041826891 
8 0 21.350000000000001
1 -5.75 3.7590807033179505 44.242125866005473 1 4.1600862749420382e-17 0 
1 15.600000000000001 4.3187407809227967 44.167141342623907 0 -0.9911434396119978 0.13279564041826891 
8 0 22.649999999999999
1 16.899999999999999 0.88476472844315923 44.627233223218454 -1 -3.9213175262698689e-17 0 
1 -5.75 3.7590807033179505 44.242125866005473 0 -0.9911434396119978 0.13279564041826891 
1 -2.25 1.9778276349586354 44.480782182040201 -1 0 -0 
1 15.25 2.0245796839969548 44.474518236737445 0 -0.9911434396119978 0.13279564041826891 
1 15.599999999999998 0.15688767223425992 44.457866387568544 0 0.012583599978784221 -0.99992082337131782 
1 15.600000000000001 1.3104817826496884 25.966580457908623 0 -0.1327956404182685 -0.9911434396119978 
1 15.600000000000001 5.7346606706217811 6.5250514593502675 0 -0.012583599978784221 0.99992082337131782 
1 15.600000000000001 -0.1793433272445959 7.6007171663524513 0 0.99992082337131771 0.012583599978784221 
1 15.600000000000001 1.9311655870245437 6.3016095348348307 0 0.80187589917921254 0.59749062111093376 
1 15.600000000000001 0.51710297400008154 9.965618114692715 -0 0.85973160840270779 -0.51074608320895931 
1 15.600000000000001 2.3057659742037568 8.1357002511333256 0 -3.7178209051002232e-17 1 
1 14.050000000000001 0.63506447142806022 6.4608750994584678 0 -0.012583599978784221 0.99992082337131782 
1 -1.0374999999999988 0.62059333145245843 7.6107840463354783 -1 0 0 
1 14.050000000000001 -0.16487218726899405 6.4508082194754408 0 -0.012583599978784221 0.99992082337131782 
1 14.050000000000001 -0.1793433272445959 7.6007171663524513 0 0.99992082337131771 0.012583599978784221 
8 0 2.8724572879227375
1 16.899999999999999 -0.16487218726899405 6.4508082194754381 0 -0.012583599978784187 0.99992082337131782 
3 19.5 -0.21987710064076182 10.821620893185377 0 0.99992082337131771 0.012583599978784221 0 -0.012583599978784221 0.99992082337131771 1 0 -0 3.0040861398070917 3
1 -16.899999999999999 -0.1793433272445959 7.6007171663524513 1 0 0 
1 -14.050000000000001 -0.41665980438454919 26.458411913598336 0 0.012583599978784221 -0.99992082337131782 
8 0 2.8499999999999979
1 -14.050000000000001 -0.41665980438454919 26.458411913598336 -1 0 0 
1 -16.899999999999999 -0.16487218726899402 6.4508082194754373 0 -0.012583599978784221 0.99992082337131782 
3 -19.5 -0.21987710064076182 10.821620893185377 0 0.99992082337131771 0.012583599978784219 0 -0.012583599978784219 0.99992082337131771 1 0 -0 3.0040861398070917 3
3 -19.5 -0.21987710064076182 10.821620893185377 0 0.99992082337131771 0.012583599978784219 0 -0.012583599978784219 0.99992082337131771 1 0 -0 3.0040861398070917 3
8 0 2.8724572879227055
1 -16.899999999999999 -0.20101804073635676 9.3230380759140505 0 0.012583599978784221 -0.99992082337131782 
8 0 33.799999999999997
1 -16.899999999999999 -0.16487218726899402 6.4508082194754364 1 -8.2117087620203891e-19 5.2554936076930491e-17 
3 19.5 -4.3290407044338588 10.984343771895585 0 -0.9911434396119978 0.13279564041826891 0 -0.13279564041826891 -0.9911434396119978 1 0 0 3.0131923417391606 3
1 22.5 -4.6244783159031284 10.996043101309768 0 0.99921684096872632 -0.039568986902361554 
2 19.5 1.77050946629672 10.742801585134654 0 0.99921684096872632 -0.039568986902361561 1 0 0 0 -0.039568986902361561 -0.99921684096872632 3
1 16.899999999999999 -4.6836997527552811 9.5005522717099478 -0 -0.99921684096872632 0.039568986902361561 
3 19.5 -1.1698827345210634 10.859241116287038 0.66532377233454343 0.74655493968396769 2.7755575615628907e-17 0.74523606348178772 -0.6641484004450372 0.059414744571256277 0.044356371049732592 -0.039530041990441543 -0.99823338359700853 4.0216080009076585 3
3 19.5 -2.5717357702967814 10.914754496503756 -0.49723464659037314 0.44313152752694202 0.74591698971251874 -0.22566419887672462 -0.89619618857652794 0.38197913676826717 0.83775496153438134 0.02160650116385154 0.54561871625887581 7.2591890088882502 3
1 18.705536678895566 1.7917259843684139 11.278572243510746 -0.83775496153438134 -0.021606501163851533 -0.54561871625887581 
2 19.5 1.7705094662967182 10.742801585134652 0 -0.99921684096872632 0.039568986902361561 1 0 0 -0 0.039568986902361561 0.99921684096872632 1.1499999999999999
1 20.084673067215935 1.7917253023548918 11.278555020947078 -0.044356371049732703 0.039530041990441647 0.99823338359700864 
1 20.889223712655244 1.7131865253735059 9.2952525719221697 0.83775496153438134 0.021606501163851533 0.54561871625887581 
3 19.5 3.7146342845652764 10.665814242331217 0.49723464659037314 -0.44313152752694202 -0.74591698971251874 -0.22566419887672462 -0.89619618857652794 0.38197913676826717 -0.83775496153438134 -0.02160650116385154 -0.54561871625887581 2.7826891200738291 1.1499999999999999
1 18.953353508708403 2.7758984824823396 10.859095608759889 0.83775496153438134 0.021606501163851547 0.54561871625887581 
1 19.71851586346742 2.1180416645084357 11.759976456043759 -0.55686801326407609 0.4962763054439599 -0.6660389211286486 
1 18.965665131371708 2.7889761965266411 11.189340912908921 0.04435637104973273 -0.039530041990441661 -0.99823338359700864 
3 19.5 2.3127812487895696 10.721327622547935 -0.66532377233454343 -0.74655493968396769 -2.7755575615628907e-17 0.74523606348178772 -0.6641484004450372 0.059414744571256277 -0.044356371049732592 0.039530041990441543 0.99823338359700853 1.5416164003479358 1.1499999999999999
1 21.01132594460239 0.96589969293838618 9.8205922827912104 -0.55686801326407609 0.4962763054439599 -0.6660389211286486 
1 16.46851586346742 5.0144155884457877 7.8728318506638022 0.49723464659037314 -0.44313152752694202 -0.74591698971251885 
1 16.03148413653258 1.9212307736974221 5.9334476774112535 -0.49723464659037314 0.44313152752694202 0.74591698971251885 
1 17.76132594460239 3.8622736168757381 5.9334476774112535 -0.66532377233454354 -0.74655493968396769 -0 
1 15.767190330345429 2.3616761245308839 6.4826038102258803 -0.65896069012347347 -0.75211782372728764 -0.0094650992453463225 
1 17.055635335179822 2.150509880757125 6.479946368277913 -0.67304021722764196 -0.73954732608591056 -0.0093069046061747766 
1 18.406065506306938 -0.19497709082008202 6.4504293614150434 -0.74652877270355922 0.6653004525315519 0.0083725376696673678 
8 0 33.799999999999997
1 16.899999999999999 5.7346606706217811 6.5250514593502658 -1 0 -7.8832404115395739e-17 
1 -16.899999999999999 -0.16487218726899402 6.4508082194754373 0 0.99992082337131771 0.012583599978784221 
1 -8.4287170002821608 -6.0142356304688409 6.3771963414353499 -0.65896069012347336 0.75211782372728764 0.0094650992453463225 
1 -8.335186849621735 8.7801091652907672 6.5633771994660606 -0.74652877270355922 -0.6653004525315519 -0.0083725376696673678 
1 -8.5253535134579881 -7.2226998480753259 6.3619883070114209 -0.67304021722764196 0.73954732608591056 0.0093069046061747766 
1 15.600000000000001 5.2564838714279807 44.52204274746034 1 0 0 
8 0 20.009187954167786
1 -16.899999999999999 5.7346606706217811 6.5250514593502631 0 -0.012583599978784225 0.9999208233713176 
1 -16.899999999999999 5.4828730535062258 26.532655153473165 1 0 0 
1 -15.600000000000001 5.4828730535062258 26.532655153473165 0 0.012583599978784221 -0.99992082337131782 
1 -16.899999999999999 5.720189530646179 7.674960406227278 1 0 0 
1 14.712499999999999 3.7941188882205559 44.503639474379554 -1 0 0 
1 15.25 3.8155188504957165 44.663361827840575 -0 -0.1327956404182685 -0.9911434396119978 
1 -0.71250000000000213 3.7941188882205559 44.503639474379554 1 0 0 
1 -5.75 5.5518218489645808 57.622562300767449 0 -0.13279564041826891 -0.9911434396119978 
1 11.75 5.5518218489645808 57.622562300767449 -1 0 0 
1 11.75 3.7590807033179505 44.242125866005473 0 0.13279564041826891 0.9911434396119978 
1 16.5 4.9940801592078525 53.459759854397049 -1 0 0 
1 16.5 4.5160158537020845 49.891643471793856 0 0.13279564041826891 0.9911434396119978 
1 10.75 4.5160158537020845 49.891643471793856 1 0 0 
1 16.899999999999999 4.0512311122381428 46.422641433151874 -1 0 0 
8 0 11.499999999999995
1 10.75 3.8918763437362198 45.233269305617483 0 0.13279564041826883 0.9911434396119978 
1 -0.87499999999999978 3.8918763437362198 45.233269305617483 -1 0 -0 
1 6.875 5.4190262085463097 56.631418861155453 1 -0 0 
1 -4.7500000000000009 5.0372387423437877 53.78188147227096 -0 0.13279564041826883 0.9911434396119978 
1 11.75 4.0512311122381428 46.422641433151874 0 -0.9911434396119978 0.13279564041826891 
1 16.899999999999999 1.1769151373633506 46.807748790364855 -1 0 0 
1 11.75 0.88476472844315834 44.627233223218454 0 0.13279564041826891 0.9911434396119978 
1 11.75 2.6775058740897886 58.007669657980429 -1 0 0 
1 -5.75 2.6775058740897886 58.007669657980429 0 -0.13279564041826891 -0.9911434396119978 
1 -0.87499999999999978 1.0175603688614261 45.618376662830457 -1 0 -0 
1 -4.7500000000000009 2.162922767468995 54.166988829483941 -0 0.13279564041826883 0.9911434396119978 
1 6.875 2.5447102336715171 57.016526218368426 1 -0 0 
8 0 11.499999999999995
1 10.75 2.5447102336715179 57.016526218368433 0 -0.13279564041826883 -0.9911434396119978 
1 -5.75 2.9867467414140361 44.493479021779748 -0 0.99992082337131771 0.012583599978784218 
1 -5.75 5.5518218489645808 57.622562300767449 0 -0.9911434396119978 0.13279564041826891 
1 15.25 0.25687975457139101 44.45912474756642 0 0.99992082337131771 0.012583599978784218 
1 -15.600000000000001 -0.17934332724459587 7.6007171663524504 -0 -0.99992082337131771 -0.012583599978784221 
1 -15.862499999999997 0.62059333145245843 7.6107840463354783 -1 0 0 
1 -14.050000000000001 -0.17934332724459587 7.6007171663524504 -0 -0.99992082337131771 -0.012583599978784221 
1 8.9947959435612255 8.1922708330820644 7.7060705516485957 0.74652877270355922 -0.6653004525315519 -0.0083725376696673678 
1 7.6432919954819392 -5.3406732840074476 7.535763912038334 0.65896069012347347 0.75211782372728764 0.0094650992453463225 
1 -14.981765325545211 3.0352384709922759 7.6411713808288635 0.65896069012347336 -0.75211782372728764 -0.0094650992453463225 
1 -17.760833333306767 0.38004864479934342 7.6077568885414646 0.74652877270355922 0.6653004525315519 0.0083725376696673678 
1 14.73867405539761 3.0733727452674717 7.8728318506638022 0.66532377233454354 0.74655493968396769 0 
1 17.98867405539761 0.17699882133011957 11.759976456043759 -0.55686801326407609 0.4962763054439599 -0.6660389211286486 
1 14.392349279356537 2.496921766896667 7.9844245963950184 -0.67304021722764196 -0.73954732608591056 -0.0093069046061747731 
1 15.25 -7.7742916809669662 14.658025313819005 0 0.85973160840270779 -0.51074608320895931 
1 15.25 2.6176831660123936 27.139858515178815 0 -3.7178209051002232e-17 1 
1 17.732147596112299 0.40561314362979506 7.9581063214553645 0.74652877270355922 -0.6653004525315519 -0.0083725376696673643 
8 0 2.2974166980465558
1 16.899999999999999 1.1472164046288169 6.9722312938310367 -9.2783699582786985e-15 1.3820905250352644e-14 1 
1 16.899999999999999 -0.17339795638544447 7.7567768493570064 0 0.85973160840270779 -0.51074608320895931 
1 -14.050000000000001 0.38327685431250513 26.468478793581365 0 0.012583599978784221 -0.99992082337131782 
1 -14.050000000000001 -0.41665980438454919 26.458411913598336 0 0.9999208233713176 0.012583599978784218 
1 -16.899999999999999 -0.41665980438454919 26.458411913598336 0 0.99992082337131771 0.012583599978784221 
1 -15.600000000000001 -0.41665980438454919 26.458411913598336 0 0.99992082337131771 0.012583599978784221 
1 -15.599999999999998 0.38327685431250513 26.468478793581365 1 0 0 
1 -16.899999999999999 -4.5652568790509758 12.491533930909588 -0 -0.99921684096872632 0.039568986902361561 
1 -16.899999999999999 1.6841459354442812 8.5619043413862013 0 0.039568986902361665 0.99921684096872632 
1 -16.899999999999999 1.6149767678454854 10.179988549304481 -0 0.85973160840270779 -0.51074608320895931 
8 0 1.1633568526329539
1 -16.899999999999999 4.6298803879394539 7.2255492237630454 0 7.6346171657472579e-16 1 
1 -16.899999999999999 2.451921571366753 5.6027171029821883 0 0.80187589917921265 0.59749062111093376 
3 -19.5 -4.3290407044338588 10.984343771895585 0 -0.9911434396119978 0.13279564041826891 0 -0.13279564041826891 -0.9911434396119978 1 0 0 3.0131923417391606 3
1 -16.5 -4.6244783159031284 10.996043101309768 0 0.99921684096872632 -0.039568986902361554 
2 -19.5 1.77050946629672 10.742801585134654 0 0.99921684096872632 -0.039568986902361561 1 0 0 0 -0.039568986902361561 -0.99921684096872632 3
3 -19.5 -2.5717357702967814 10.914754496503756 0.49723464659037314 0.44313152752694202 0.74591698971251874 0.22566419887672462 -0.89619618857652794 0.38197913676826717 0.83775496153438134 -0.02160650116385154 -0.54561871625887581 7.2591890088882502 3
3 -19.5 -1.1698827345210634 10.859241116287038 -0.66532377233454343 0.74655493968396769 2.7755575615628907e-17 -0.74523606348178772 -0.6641484004450372 0.059414744571256277 0.044356371049732592 0.039530041990441543 0.99823338359700853 4.0216080009076585 3
1 -16.899999999999999 -4.6836997527552811 9.5005522717099478 -0 -0.99921684096872632 0.039568986902361561 
1 -16.899999999999999 -0.6329344303032719 8.0297765295493484 0 -0.85973160840270779 0.51074608320895931 
8 0 2.2974166980465576
1 -16.899999999999977 1.1472164046288489 9.2696479918775925 -9.2783699582786907e-15 -1.3530956189156424e-14 -1 
3 19.5 -4.3290407044338588 10.984343771895583 0 -0.9911434396119978 0.13279564041826891 0 -0.13279564041826891 -0.9911434396119978 1 0 0 1.1550570643333447 1.1499999999999999
1 19.28148413653258 -0.97514315023992992 9.8205922827912104 -0.55686801326407609 0.4962763054439599 -0.6660389211286486 
1 20.649999999999999 -5.7236168409687274 11.039568986902363 0 0.99921684096872621 -0.039568986902361554 
2 19.5 2.7697263072654472 10.70323259823229 0 0.99921684096872632 -0.039568986902361561 1 0 0 0 -0.039568986902361561 -0.99921684096872632 1.1499999999999999
1 -17.76132594460239 3.8622736168757381 5.9334476774112535 0.49723464659037314 0.44313152752694202 0.74591698971251885 
1 -16.03148413653258 1.9212307736974221 5.9334476774112535 -0.66532377233454354 0.74655493968396769 -0 
1 -14.73867405539761 3.0733727452674717 7.8728318506638022 -0.49723464659037314 -0.44313152752694202 -0.74591698971251885 
1 -19.28148413653258 -0.97514315023992992 9.8205922827912104 0.55686801326407609 0.4962763054439599 -0.6660389211286486 
1 -20.2646259917978 1.6970775531772353 8.8884603447436117 0.83775496153438134 -0.021606501163851533 -0.54561871625887581 
1 -21.01132594460239 0.96589969293838618 9.8205922827912104 0.55686801326407609 0.4962763054439599 -0.6660389211286486 
1 -15.599999999999998 0.63506447142806033 6.4608750994584643 0 -0.012583599978784221 0.99992082337131782 
1 -15.600000000000001 2.3057659742037568 19.10919418482105 0 3.7178209051002232e-17 -1 
1 -15.600000000000001 -3.2513152153765477 12.204345656295391 0 -0.85973160840270779 0.51074608320895931 
1 -15.600000000000001 6.643170050127039 9.812599796817242 -0 -0.80187589917921265 -0.59749062111093376 
1 11.75 5.5518218489645808 57.622562300767449 0 -0.9911434396119978 0.13279564041826891 
1 11.75 4.5160158537020836 49.891643471793856 0 0.9911434396119978 -0.13279564041826894 
1 11.75 3.8903412822300218 48.008048151505221 0 0.13279564041826883 0.9911434396119978 
1 11.75 4.9940801592078516 53.459759854397049 0 -0.9911434396119978 0.13279564041826894 
1 16.5 4.627357086551414 53.508894241351811 -1 0 0 
1 16.5 4.9940801592078525 53.459759854397049 0 -0.99114343961199769 0.13279564041826891 
1 16.5 4.5160158537020845 49.891643471793856 0 -0.99114343961199769 0.13279564041826891 
1 16.5 4.1492927810456459 49.940777858748618 0 0.13279564041826891 0.9911434396119978 
1 10.75 4.1492927810456459 49.940777858748618 1 0 0 
1 10.75 6.4101696481583108 56.498623220737187 0 -0.9911434396119978 0.13279564041826891 
1 10.75 4.8830197833482174 45.100473665199218 0 -0.9911434396119978 0.13279564041826891 
1 -4.75 4.8830197833482174 45.100473665199218 0 -0.9911434396119978 0.13279564041826891 
1 -4.75 6.4101696481583108 56.498623220737187 0 -0.9911434396119978 0.13279564041826891 
1 -16.46851586346742 5.0144155884457877 7.8728318506638022 0.66532377233454354 -0.74655493968396769 0 
1 -17.98867405539761 0.17699882133011957 11.759976456043759 0.55686801326407609 0.4962763054439599 -0.6660389211286486 
1 -8.5808225334096644 8.5612006147332647 8.0607410980593119 0.74652877270355922 0.6653004525315519 0.0083725376696673643 
1 -15.25 2.6176831660123949 9.8609955752785385 -0 3.7178209051002232e-17 -1 
1 15.25 0.71618115379701508 7.9620146945133179 0 0.99992082337131771 0.012583599978784218 
1 -20.129890985578861 1.7514274563114745 10.260932646113293 -0.044356371049732703 -0.039530041990441647 -0.99823338359700864 
2 -19.5 1.7705094662967182 10.742801585134652 0 -0.99921684096872632 0.039568986902361561 1 0 0 -0 0.039568986902361561 0.99921684096872632 1.1499999999999999
1 -19.330134399753014 1.8078349565646843 11.685364470689308 -0.83775496153438134 0.021606501163851533 0.54561871625887581 
1 -19.577951229565848 2.7920074546786102 11.26588783593845 0.83775496153438134 -0.021606501163851547 -0.54561871625887581 
3 -19.5 3.71463428456528 10.665814242331217 -0.49723464659037314 -0.44313152752694202 -0.74591698971251874 0.22566419887672462 -0.89619618857652794 0.38197913676826717 -0.83775496153438134 0.02160650116385154 0.54561871625887581 2.7826891200738291 1.1499999999999999
3 -19.5 3.71463428456528 10.665814242331217 -0.49723464659037314 -0.44313152752694202 -0.74591698971251874 0.22566419887672462 -0.89619618857652794 0.38197913676826717 -0.83775496153438134 0.02160650116385154 0.54561871625887581 2.7826891200738291 1.1499999999999999
1 -19.71851586346742 2.1180416645084357 11.759976456043759 0.55686801326407609 0.4962763054439599 -0.6660389211286486 
3 -19.5 2.3127812487895696 10.721327622547935 0.66532377233454343 -0.74655493968396769 -2.7755575615628907e-17 -0.74523606348178772 -0.6641484004450372 0.059414744571256277 -0.044356371049732592 -0.039530041990441543 -0.99823338359700853 1.5416164003479358 1.1499999999999999
1 -19.01088304973463 2.7486783504832237 10.171718538075137 0.04435637104973273 0.039530041990441661 0.99823338359700864 
3 -19.5 -4.3290407044338588 10.984343771895583 0 -0.9911434396119978 0.13279564041826891 0 -0.13279564041826891 -0.9911434396119978 1 0 0 1.1550570643333447 1.1499999999999999
1 -15.25 1.1258252389322512 9.3706777131116805 0 -0.85973160840270779 0.51074608320895931 
1 -8.3592233427908997 -4.1323732441881909 7.900997594365414 -0.67304021722764196 0.73954732608591056 0.0093069046061747731 
2 14.699999999999999 4.3883249337985291 51.724836050050214 0 0.9911434396119978 -0.13279564041826891 1 0 0 0 -0.13279564041826891 -0.9911434396119978 1.6000000000000001
1 -15.25 0.71618115379701508 7.9620146945133179 0 0.99992082337131771 0.012583599978784218 
1 -18.350000000000001 -5.7236168409687274 11.039568986902363 0 0.99921684096872621 -0.039568986902361554 
2 -19.5 2.7697263072654472 10.70323259823229 0 0.99921684096872632 -0.039568986902361561 1 0 0 0 -0.039568986902361561 -0.99921684096872632 1.1499999999999999
1 16.300000000000001 4.7550480064549685 51.675701663095452 0 -0.9911434396119978 0.13279564041826891 
2 14.699999999999999 3.099838462302932 51.897470382593959 0 -0.9911434396119978 0.13279564041826891 1 0 0 0 0.13279564041826891 0.9911434396119978 1.6000000000000001
Polygon3D 0
PolygonOnTriangulations 0
Surfaces 84
1 15.600000000000001 -0.6430489864627944 44.447799507585515 0 0.012583599978784221 -0.99992082337131771 1 0 0 0 -0.99992082337131771 -0.012583599978784221 
1 -1.4210854715202005e-15 -0.63900843189942269 38.525543673936269 -0 -0.9911434396119978 0.13279564041826891 0 -0.13279564041826891 -0.9911434396119978 1 0 0 
1 15.600000000000001 -0.6430489864627944 44.447799507585515 0 0.012583599978784221 -0.99992082337131771 1 0 0 0 -0.99992082337131771 -0.012583599978784221 
1 16.899999999999999 -0.6430489864627944 44.447799507585515 -1 0 0 0 0.012583599978784221 -0.99992082337131782 -0 -0.99992082337131782 -0.012583599978784221 
1 16.899999999999999 -0.6430489864627944 44.447799507585515 -1 0 0 0 0.012583599978784221 -0.99992082337131782 -0 -0.99992082337131782 -0.012583599978784221 
1 10.75 3.7590807033179514 44.242125866005473 -0 0.13279564041826891 0.9911434396119978 1 0 0 0 0.9911434396119978 -0.13279564041826891 
1 10.75 3.7590807033179514 44.242125866005473 -0 0.13279564041826891 0.9911434396119978 1 0 0 0 0.9911434396119978 -0.13279564041826891 
1 15.600000000000001 -0.16487218726899405 6.4508082194754408 1 0 -0 0 -0.012583599978784221 0.99992082337131782 0 -0.99992082337131782 -0.012583599978784221 
1 14.825000000000001 0.39597607183116007 25.459370743513503 0 0.99992082337131771 0.012583599978784216 0 -0.012583599978784216 0.99992082337131771 1 0 -0 
1 14.050000000000001 -0.6430489864627944 44.447799507585515 0 0.012583599978784219 -0.99992082337131771 1 0 0 0 -0.99992082337131771 -0.012583599978784219 
1 14.050000000000001 -0.16487218726899405 6.4508082194754408 1 0 -0 0 -0.012583599978784221 0.99992082337131782 0 -0.99992082337131782 -0.012583599978784221 
1 16.25 -0.40396058686589426 25.449303863530478 0 0.99992082337131771 0.012583599978784221 0 -0.012583599978784221 0.99992082337131771 1 0 -0 
1 16.25 -0.40396058686589426 25.449303863530478 0 0.99992082337131771 0.012583599978784221 0 -0.012583599978784221 0.99992082337131771 1 0 -0 
2 19.5 -4.6244783159031284 10.996043101309768 -0 -0.99921684096872632 0.039568986902361561 1 0 0 0 -0.039568986902361561 -0.99921684096872632 3
1 19.5 1.77050946629672 10.742801585134654 0 0.99921684096872632 -0.039568986902361665 0 0.039568986902361665 0.99921684096872632 1 -0 0 
1 17.98867405539761 0.17699882133011957 11.759976456043759 0.49723464659037314 -0.44313152752694202 -0.74591698971251885 0.66532377233454343 0.74655493968396758 -5.5511151231257802e-17 0.5568680132640762 -0.49627630544395984 0.6660389211286486 
1 19.71851586346742 2.1180416645084357 11.759976456043759 -0.66532377233454354 -0.74655493968396769 -2.7755575615628914e-17 0.49723464659037314 -0.44313152752694196 -0.74591698971251896 0.55686801326407631 -0.49627630544396001 0.6660389211286486 
1 16.899999999999999 -0.1793433272445959 7.6007171663524513 -1 0 0 0 0.012583599978784221 -0.99992082337131782 -0 -0.99992082337131782 -0.012583599978784221 
1 16.249999999999996 3.4678231810716049 6.903139764037526 -0.55686801326407653 0.49627630544395945 -0.66603892112864871 -0.76718043606303776 0 0.64143135137138996 0.31832718125451953 0.86816463222990947 0.38073347241825001 
1 16.899999999999999 -0.16487218726899405 6.4508082194754408 0 -0.012583599978784221 0.99992082337131771 -1 0 0 -0 -0.99992082337131771 -0.012583599978784221 
1 16.899999999999999 -0.16487218726899405 6.4508082194754355 0 -0.012583599978784221 0.99992082337131771 -1 0 0 -0 -0.99992082337131771 -0.012583599978784221 
1 16.899999999999999 -0.16487218726899405 6.4508082194754408 0 -0.012583599978784221 0.99992082337131771 -1 0 0 -0 -0.99992082337131771 -0.012583599978784221 
1 16.25 5.4955722710248809 25.523547103405306 0 0.99992082337131771 0.012583599978784221 0 -0.012583599978784221 0.99992082337131771 1 0 -0 
1 13.824999999999996 3.9051559077780467 45.332383649578674 -0 -0.9911434396119978 0.1327956404182685 0 -0.1327956404182685 -0.9911434396119978 1 0 0 
1 16.899999999999999 3.7590807033179514 44.242125866005473 -1 0 0 0 0.13279564041826891 0.9911434396119978 0 0.9911434396119978 -0.13279564041826891 
1 13.824999999999996 3.9051559077780467 45.332383649578674 -0 -0.9911434396119978 0.1327956404182685 0 -0.1327956404182685 -0.9911434396119978 1 0 0 
1 16.899999999999999 4.0512311122381428 46.422641433151874 -0 -0.13279564041826891 -0.9911434396119978 -1 0 0 0 0.9911434396119978 -0.13279564041826891 
1 13.824999999999996 1.0308399329032545 45.717491006791654 -0 -0.9911434396119978 0.1327956404182685 0 -0.1327956404182685 -0.9911434396119978 1 0 0 
1 13.824999999999996 1.0308399329032545 45.717491006791654 -0 -0.9911434396119978 0.1327956404182685 0 -0.1327956404182685 -0.9911434396119978 1 0 0 
1 -5.75 3.7590807033179505 44.242125866005473 -0 0.13279564041826891 0.9911434396119978 1 0 0 0 0.9911434396119978 -0.13279564041826891 
1 -5.75 5.5518218489645808 57.622562300767449 1 0 0 0 -0.13279564041826891 -0.9911434396119978 0 0.9911434396119978 -0.13279564041826891 
1 -15.25 0.25687975457139101 44.45912474756642 0 0.012583599978784218 -0.99992082337131771 1 0 0 0 -0.99992082337131771 -0.012583599978784218 
1 15.25 0.25687975457139101 44.45912474756642 -1 0 0 0 0.012583599978784221 -0.99992082337131782 -0 -0.99992082337131782 -0.012583599978784221 
1 15.599999999999998 -0.6430489864627944 44.447799507585515 -1 0 0 0 0.012583599978784221 -0.99992082337131782 -0 -0.99992082337131782 -0.012583599978784221 
1 16.25 5.4955722710248809 25.523547103405306 0 0.99992082337131771 0.012583599978784221 0 -0.012583599978784221 0.99992082337131771 1 0 -0 
1 -16.899999999999999 -0.1793433272445959 7.6007171663524513 0 0.012583599978784221 -0.99992082337131771 1 0 0 0 -0.99992082337131771 -0.012583599978784221 
1 19.28148413653258 -0.97514315023992992 9.8205922827912104 0.66532377233454354 0.74655493968396769 2.7755575615628914e-17 -0.49723464659037314 0.44313152752694196 0.74591698971251896 0.55686801326407631 -0.49627630544396001 0.6660389211286486 
1 14.825000000000001 -0.40396058686589426 25.449303863530474 0 0.99992082337131771 0.012583599978784216 0 -0.012583599978784216 0.99992082337131771 1 0 -0 
1 -1.0165132128184551e-16 -0.17210775725679497 7.0257626929139416 0 0.99992082337131771 0.012583599978784204 0 -0.012583599978784204 0.99992082337131771 1 0 -0 
1 -14.824999999999998 -0.29076599582677165 16.454610066536883 0 0.99992082337131771 0.012583599978784221 0 -0.012583599978784221 0.99992082337131771 1 0 -0 
1 -14.050000000000001 -0.41665980438454919 26.458411913598336 -1 0 0 0 0.012583599978784221 -0.99992082337131782 -0 -0.99992082337131782 -0.012583599978784221 
1 -16.899999999999999 -0.41665980438454919 26.458411913598336 0 0.012583599978784221 -0.99992082337131771 1 0 0 0 -0.99992082337131771 -0.012583599978784221 
1 -16.25 -0.29076599582677159 16.454610066536887 0 0.99992082337131771 0.012583599978784219 0 -0.012583599978784219 0.99992082337131771 1 0 -0 
1 -16.899999999999999 -0.16487218726899402 6.4508082194754373 1 0 -0 0 -0.012583599978784221 0.99992082337131782 0 -0.99992082337131782 -0.012583599978784221 
2 -19.5 -4.6244783159031284 10.996043101309768 -0 -0.99921684096872632 0.039568986902361561 1 0 0 0 -0.039568986902361561 -0.99921684096872632 3
1 21.01132594460239 0.96589969293838618 9.8205922827912104 -0.49723464659037314 0.44313152752694202 0.74591698971251885 -0.66532377233454343 -0.74655493968396758 5.5511151231257802e-17 0.5568680132640762 -0.49627630544395984 0.6660389211286486 
2 19.5 -5.7236168409687274 11.039568986902363 -0 -0.99921684096872632 0.039568986902361561 1 0 0 0 -0.039568986902361561 -0.99921684096872632 1.1499999999999999
1 19.5 2.7697263072654463 10.70323259823229 0 0.99921684096872632 -0.039568986902361686 0 0.039568986902361686 0.99921684096872632 1 -0 0 
1 -15.600000000000001 -0.16487218726899402 6.4508082194754373 0 -0.012583599978784221 0.99992082337131771 -1 0 0 -0 -0.99992082337131771 -0.012583599978784221 
1 -16.899999999999999 -0.16487218726899405 6.4508082194754355 1 0 -0 0 -0.012583599978784221 0.99992082337131782 0 -0.99992082337131782 -0.012583599978784221 
1 -16.25 3.4678231810716049 6.903139764037526 0.55686801326407653 0.4962763054439594 -0.6660389211286486 -0.76718043606303776 0 -0.64143135137138985 -0.31832718125451953 0.86816463222990947 0.38073347241825012 
1 -17.98867405539761 0.17699882133011957 11.759976456043759 -0.66532377233454354 0.74655493968396769 2.7755575615628914e-17 -0.49723464659037314 -0.44313152752694196 -0.74591698971251896 -0.55686801326407631 -0.49627630544396001 0.6660389211286486 
1 -19.28148413653258 -0.97514315023992992 9.8205922827912104 0.49723464659037314 0.44313152752694202 0.74591698971251885 -0.66532377233454343 0.74655493968396758 -5.5511151231257802e-17 -0.5568680132640762 -0.49627630544395984 0.6660389211286486 
1 -16.25 5.6087668620640034 16.528853306411715 0 0.99992082337131771 0.012583599978784219 0 -0.012583599978784219 0.99992082337131771 1 0 -0 
1 -16.899999999999999 -0.41665980438454919 26.458411913598336 0 0.012583599978784221 -0.99992082337131771 1 0 0 0 -0.99992082337131771 -0.012583599978784221 
1 -15.600000000000001 -0.41665980438454919 26.458411913598336 -1 0 0 0 0.012583599978784221 -0.99992082337131782 -0 -0.99992082337131782 -0.012583599978784221 
1 -1.0165132128184551e-16 5.7274251006339805 7.1000059327887683 0 0.99992082337131771 0.012583599978784204 0 -0.012583599978784204 0.99992082337131771 1 0 -0 
1 3.0000000000000004 4.6554512761412647 50.932344083386468 -0 -0.9911434396119978 0.13279564041826883 0 -0.13279564041826883 -0.9911434396119978 1 0 0 
1 11.75 5.5518218489645808 57.622562300767449 -0 -0.13279564041826891 -0.9911434396119978 -1 0 0 0 0.9911434396119978 -0.13279564041826891 
1 11.75 3.7590807033179505 44.242125866005473 -1 0 0 0 0.13279564041826891 0.9911434396119978 0 0.9911434396119978 -0.13279564041826891 
1 13.625000000000002 4.7550480064549694 51.675701663095452 -0 -0.9911434396119978 0.13279564041826883 0 -0.13279564041826883 -0.9911434396119978 1 0 0 
1 16.5 4.9940801592078525 53.459759854397049 -0 -0.13279564041826894 -0.9911434396119978 -1 0 0 0 0.9911434396119978 -0.13279564041826894 
1 16.5 4.5160158537020845 49.891643471793856 -1 0 0 0 0.13279564041826891 0.9911434396119978 0 0.9911434396119978 -0.13279564041826891 
1 10.75 4.5160158537020845 49.891643471793856 -0 0.13279564041826894 0.9911434396119978 1 0 0 0 0.9911434396119978 -0.13279564041826894 
1 10.75 4.8830197833482174 45.100473665199218 -1 0 0 0 0.13279564041826891 0.9911434396119978 0 0.9911434396119978 -0.13279564041826891 
1 -4.75 4.8830197833482174 45.100473665199218 -0 0.13279564041826891 0.9911434396119978 1 0 0 0 0.9911434396119978 -0.13279564041826891 
1 10.75 6.4101696481583108 56.498623220737187 -0 -0.13279564041826891 -0.9911434396119978 -1 0 0 0 0.9911434396119978 -0.13279564041826891 
1 -4.75 6.4101696481583108 56.498623220737187 1 0 0 0 -0.13279564041826891 -0.9911434396119978 0 0.9911434396119978 -0.13279564041826891 
1 3.0000000000000004 1.7811353012664726 51.317451440599449 -0 -0.9911434396119978 0.13279564041826883 0 -0.13279564041826883 -0.9911434396119978 1 0 0 
1 -14.824999999999998 0.50917066287028268 16.464676946519912 0 0.99992082337131771 0.012583599978784221 0 -0.012583599978784221 0.99992082337131771 1 0 -0 
1 15.25 0.71618115379701508 7.9620146945133179 0 -0.012583599978784218 0.99992082337131771 -1 0 0 -0 -0.99992082337131771 -0.012583599978784218 
1 -15.599999999999998 -0.41665980438454919 26.458411913598336 0 0.012583599978784219 -0.99992082337131771 1 0 0 0 -0.99992082337131771 -0.012583599978784219 
1 -19.500000000000004 1.77050946629672 10.742801585134654 0 0.99921684096872632 -0.039568986902361665 0 0.039568986902361665 0.99921684096872632 1 -0 0 
1 -19.71851586346742 2.1180416645084357 11.759976456043759 -0.49723464659037314 -0.44313152752694202 -0.74591698971251885 0.66532377233454343 -0.74655493968396758 5.5511151231257802e-17 -0.5568680132640762 -0.49627630544395984 0.6660389211286486 
1 -21.01132594460239 0.96589969293838618 9.8205922827912104 0.66532377233454354 -0.74655493968396769 -2.7755575615628914e-17 0.49723464659037314 0.44313152752694196 0.74591698971251896 -0.55686801326407631 -0.49627630544396001 0.6660389211286486 
1 -15.599999999999998 -0.16487218726899402 6.4508082194754373 1 0 -0 0 -0.012583599978784221 0.99992082337131782 0 -0.99992082337131782 -0.012583599978784221 
1 13.625000000000002 4.3883249337985308 51.724836050050214 -0 -0.9911434396119978 0.13279564041826883 0 -0.13279564041826883 -0.9911434396119978 1 0 0 
1 10.75 4.8830197833482174 45.100473665199218 -1 0 0 0 0.13279564041826891 0.9911434396119978 0 0.9911434396119978 -0.13279564041826891 
1 10.75 4.0512311122381428 46.422641433151874 1 0 0 0 -0.13279564041826891 -0.9911434396119978 0 0.9911434396119978 -0.13279564041826891 
1 -15.25 0.71618115379701508 7.9620146945133179 1 0 -0 0 -0.012583599978784221 0.99992082337131782 0 -0.99992082337131782 -0.012583599978784221 
2 -19.5 -5.7236168409687274 11.039568986902363 -0 -0.99921684096872632 0.039568986902361561 1 0 0 0 -0.039568986902361561 -0.99921684096872632 1.1499999999999999
1 -19.5 2.7697263072654463 10.70323259823229 0 0.99921684096872632 -0.039568986902361686 0 0.039568986902361686 0.99921684096872632 1 -0 0 
2 14.699999999999999 4.7550480064549685 51.675701663095452 -0 0.9911434396119978 -0.13279564041826891 1 0 0 0 0.13279564041826891 0.9911434396119978 1.6000000000000001
1 14.700000000000001 3.099838462302932 51.897470382593966 -1.8067020045180628e-16 -0.9911434396119978 0.1327956404182688 0 -0.1327956404182688 -0.9911434396119978 1 -1.7907008391119234e-16 2.3992214973494605e-17 
Triangulations 0

TShapes 486
Ve
1.50000007110846e-07
16.9 0.15581577932427 44.4578528982289
0 0

0101101
*
Ve
1.50000007365223e-07
14.05 0.15581577932427 44.4578528982289
0 0

0101101
*
Ed
 1.5e-07 1 1 0
1  1 0 -9.1 -6.25
2  1 1 0 -9.1 -6.25
2  2 2 0 -9.1 -6.25
0

0101000
+486 0 -485 0 *
Ve
1.50000031086245e-07
16.9 1.97782763495859 44.4807821820402
0 0

0101101
*
Ed
 1e-07 1 1 0
1  2 0 0.798928022214423 2.62108415002787
2  3 3 0 0.798928022214423 2.62108415002787
2  4 4 0 0.798928022214423 2.62108415002787
2  5 1 0 0.798928022214423 2.62108415002787
2  6 5 0 0.798928022214423 2.62108415002787
0

0101000
+486 0 -483 0 *
Ve
1.50000007324107e-07
15.6 1.97782763495862 44.4807821820402
0 0

0101101
*
Ed
 1.5e-07 1 1 0
1  3 0 2.425 3.725
2  7 3 0 2.425 3.725
2  8 6 0 2.425 3.725
2  9 1 0 2.425 3.725
2  10 7 0 2.425 3.725
0

0101000
+481 0 -483 0 *
Ve
1.00000007944885e-07
15.6 0.15688767223426 44.4578663875685
0 0

0101101
*
Ed
 1e-07 1 1 0
1  4 0 0.8 2.6210841500279
2  11 3 0 0.8 2.6210841500279
2  12 8 0 0.8 2.6210841500279
2  13 1 0 0.8 2.6210841500279
0

0101000
+479 0 -481 0 *
Ve
1e-07
14.05 0.15688767223426 44.4578663875685
0 0

0101101
*
Ed
 1e-07 1 1 0
1  5 0 0 1.55
2  14 9 0 0 1.55
2  15 10 0 0 1.55
2  16 1 0 0 1.55
0

0101000
+477 0 -479 0 *
Ed
 1e-07 1 1 0
1  6 0 0.798928022214423 0.8
2  17 10 0 0.798928022214423 0.8
2  18 11 0 0.798928022214423 0.8
2  19 1 0 0.798928022214423 0.8
0

0101000
+485 0 -477 0 *
Wi

0101100
+484 0 -482 0 +480 0 +478 0 +476 0 +475 0 *
Fa
0  1e-07 1 0

0101000
+474 0 *
Ve
1.50000014211288e-07
16.9 -0.574572118118211 39.006475348168
0 0

0101101
*
Ed
 1.5e-07 1 1 0
1  7 0 -2.4494050892261 3.05068433495955
2  20 5 0 -2.4494050892261 3.05068433495955
2  21 2 0 -2.4494050892261 3.05068433495955
0

0101000
+472 0 -486 0 *
Ve
1.50000014211288e-07
14.05 -0.574572118118211 39.006475348168
0 0

0101101
*
Ed
 1.5e-07 1 1 0
1  8 0 5.925 8.775
2  22 12 0 5.925 8.775
2  23 2 0 5.925 8.775
0

0101000
+470 0 -472 0 *
Ed
 1.5e-07 1 1 0
1  9 0 -21.8491687579208 -16.3490793337351
2  24 11 0 -21.8491687579208 -16.3490793337351
2  25 2 0 -21.8491687579208 -16.3490793337351
0

0101000
+485 0 -470 0 *
Wi

0101100
+471 0 +469 0 +468 0 +484 0 *
Fa
0  1e-07 2 0

0101000
+467 0 *
Ve
1.00000069380678e-07
16.9 -0.238736160545167 12.3202037104567
0 0

0101101
*
Ed
 1e-07 1 1 0
1  10 0 5.44175501923409 32.1301397532736
2  26 13 0 5.44175501923409 32.1301397532736
2  27 4 0 5.44175501923409 32.1301397532736
2  28 5 0 5.44175501923409 32.1301397532736
2  29 12 0 5.44175501923409 32.1301397532736
0

0101000
+472 0 -465 0 *
Ve
1.50000001790181e-07
16.9 1.82973090314887 12.2382924147345
0 0

0101101
*
Ed
 1e-07 1 1 0
1  11 0 -6.4 -4.3299117279802
2  30 4 0 -6.4 -4.3299117279802
2  31 14 0 -6.4 -4.3299117279802
2  32 5 0 -6.4 -4.3299117279802
0

0101000
+463 0 -465 0 *
Ve
1.50000003662053e-07
16.9 1.74515946773152 10.1026501062154
0 0

0101101
*
Ed
 1.5e-07 1 1 0
1  12 0 15.2948867883522 17.4322029553301
2  33 4 0 15.2948867883522 17.4322029553301
2  34 15 0 15.2948867883522 17.4322029553301
2  35 5 0 15.2948867883522 17.4322029553301
0

0101000
+463 0 -461 0 *
Ve
3.66685575866989e-07
16.9 4.62988038793945 8.388906076396
0 0

0101101
*
Ed
 1.5e-07 1 1 0
1  13 0 -14.2501433303963 -10.8947695230201
2  36 4 0 -14.2501433303963 -10.8947695230201
2  37 16 0 -14.2501433303963 -10.8947695230201
2  38 5 0 -14.2501433303963 -10.8947695230201
0

0101000
+459 0 -461 0 *
Ve
3.66686573880962e-07
16.9 4.62988038793945 7.22554922376305
0 0

0101101
*
Ed
 1e-07 1 1 0
1  14 0 0 1.16335685263295
2  39 5 0 0 1.16335685263295
2  40 17 0 0 1.16335685263295
0

0101000
+459 0 -457 0 *
Ve
3.70530170540468e-07
16.9 3.65463085795843 6.49887512368976
0 0

0101101
*
Ed
 3.18668920812131e-07 1 1 0
1  15 0 -2.37835177996342 -1.16214172678775
2  41 18 0 -2.37835177996342 -1.16214172678775
2  42 19 0 -2.37835177996342 -1.16214172678775
2  43 4 0 -2.37835177996342 -1.16214172678775
2  44 5 0 -2.37835177996342 -1.16214172678775
0

0101000
+457 0 -455 0 *
Ve
1.00000006290757e-07
16.9 5.73466067062178 6.52505145935027
0 0

0101101
*
Ed
 1.00000005402578e-07 1 1 0
1  16 0 3.81980548454791 5.9
2  45 4 0 3.81980548454791 5.9
2  46 20 0 3.81980548454791 5.9
2  47 18 0 3.81980548454791 5.9
2  48 21 0 3.81980548454791 5.9
2  49 5 0 3.81980548454791 5.9
2  50 22 0 3.81980548454791 5.9
0

0101000
+455 0 -453 0 *
Ve
1e-07
16.9 5.25648387142798 44.5220427474603
0 0

0101101
*
Ed
 1e-07 1 1 0
1  17 0 0 38
2  51 5 0 0 38
2  52 23 0 0 38
0

0101000
+453 0 -451 0 *
Ve
1.50000007105427e-07
16.9 3.79411888822056 44.5036394743796
0 0

0101101
*
Ed
 1e-07 1 1 0
1  2 0 4.4375192224951 5.9
2  3 3 0 4.4375192224951 5.9
2  4 4 0 4.4375192224951 5.9
2  53 5 0 4.4375192224951 5.9
0

0101000
+449 0 -451 0 *
Ve
1e-07
16.9 4.05123111223814 46.4226414331519
0 0

0101101
*
Ed
 1e-07 1 1 0
1  18 0 0.263850415512474 2.2
2  54 24 0 0.263850415512474 2.2
2  55 25 0 0.263850415512474 2.2
2  56 5 0 0.263850415512474 2.2
2  57 26 0 0.263850415512474 2.2
0

0101000
+449 0 -447 0 *
Ve
1e-07
16.9 1.17691513736335 46.8077487903649
0 0

0101101
*
Ed
 1e-07 1 1 0
1  19 0 0 2.9
2  58 25 0 0 2.9
2  59 27 0 0 2.9
2  60 5 0 0 2.9
0

0101000
+447 0 -445 0 *
Ve
1e-07
16.9 0.884764728443159 44.6272332232185
0 0

0101101
*
Ed
 1e-07 1 1 0
1  20 0 0 2.2
2  61 28 0 0 2.2
2  62 25 0 0 2.2
2  63 5 0 0 2.2
2  64 29 0 0 2.2
0

0101000
+443 0 -445 0 *
Ed
 1e-07 1 1 0
1  21 0 1.79716981132082 2.9
2  65 6 0 1.79716981132082 2.9
2  66 25 0 1.79716981132082 2.9
2  67 5 0 1.79716981132082 2.9
2  68 7 0 1.79716981132082 2.9
0

0101000
+483 0 -443 0 *
Wi

0101100
-464 0 +462 0 -460 0 +458 0 -456 0 -454 0 -452 0 -450 0 +448 0 -446 0 
-444 0 +442 0 +441 0 +482 0 +471 0 *
Fa
0  1e-07 5 0

0101000
+440 0 *
Ve
1.50000000444089e-07
15.25 3.75908070331795 44.2421258660055
0 0

0101101
*
Ve
1.50000000444089e-07
15.6 3.75908070331795 44.2421258660055
0 0

0101101
*
Ed
 1e-07 1 1 0
1  22 0 21 21.35
2  69 26 0 21 21.35
2  70 7 0 21 21.35
0

0101000
+438 0 -437 0 *
Ed
 1.5e-07 1 1 0
1  23 0 0.564661032134698 2.36183084345549
2  71 8 0 0.564661032134698 2.36183084345549
2  72 6 0 0.564661032134698 2.36183084345549
2  73 7 0 0.564661032134698 2.36183084345549
0

0101000
+437 0 -481 0 *
Ve
1e-07
-5.75 0.884764728443158 44.6272332232185
0 0

0101101
*
Ed
 1e-07 1 1 0
1  24 0 0 22.65
2  74 29 0 0 22.65
2  75 7 0 0 22.65
0

0101000
+443 0 -434 0 *
Ve
1.50000023536728e-07
-5.75 1.97782763495862 44.4807821820402
0 0

0101101
*
Ed
 1e-07 1 1 0
1  25 0 1.79716981132079 2.9
2  76 30 0 1.79716981132079 2.9
2  77 31 0 1.79716981132079 2.9
2  78 7 0 1.79716981132079 2.9
0

0101000
+432 0 -434 0 *
Ve
1.50000011548454e-07
15.25 1.97782763495863 44.4807821820402
0 0

0101101
*
Ed
 1.5e-07 1 1 0
1  26 0 -17.5 3.5
2  79 7 0 -17.5 3.5
2  80 32 0 -17.5 3.5
0

0101000
+430 0 -432 0 *
Ed
 1.5e-07 1 1 0
1  27 0 -1.75 0.0471698113207854
2  81 7 0 -1.75 0.0471698113207854
2  82 33 0 -1.75 0.0471698113207854
0

0101000
+438 0 -430 0 *
Wi

0101100
-436 0 -435 0 -480 0 -441 0 -433 0 +431 0 +429 0 +428 0 *
Fa
0  1e-07 7 0

0101000
+427 0 *
Ve
2.12132039549389e-07
15.6 0.620593331452459 7.61078404633547
0 0

0101101
*
Ed
 1.00000003552714e-07 1 1 0
1  28 0 0 36.85
2  83 9 0 0 36.85
2  84 34 0 0 36.85
2  85 8 0 0 36.85
0

0101000
+479 0 -425 0 *
Ve
1.50000007160723e-07
15.6 3.79411888822056 44.5036394743796
0 0

0101101
*
Ed
 1.5e-07 1 1 0
1  29 0 -18.7027006138765 -18.438850198364
2  86 8 0 -18.7027006138765 -18.438850198364
2  87 24 0 -18.7027006138765 -18.438850198364
2  88 26 0 -18.7027006138765 -18.438850198364
0

0101000
+423 0 -437 0 *
Ve
1e-07
15.6 5.25648387142798 44.5220427474603
0 0

0101101
*
Ed
 1e-07 1 1 0
1  4 0 4.4375192224951 5.9
2  11 3 0 4.4375192224951 5.9
2  12 8 0 4.4375192224951 5.9
0

0101000
+423 0 -421 0 *
Ve
2.12133034355964e-07
15.6 5.72018953064618 7.67496040622728
0 0

0101101
*
Ed
 1e-07 1 1 0
1  30 0 1.15 38
2  89 35 0 1.15 38
2  90 8 0 1.15 38
2  91 23 0 1.15 38
0

0101000
+419 0 -421 0 *
Ve
2.12132034800053e-07
15.6 3.74087285081629 7.65005150469412
0 0

0101101
*
Ed
 2.12132034355964e-07 1 1 0
1  31 0 3.92052659213911 5.9
2  92 8 0 3.92052659213911 5.9
2  93 36 0 3.92052659213911 5.9
0

0101000
+417 0 -419 0 *
Ve
1.50000004782987e-07
15.6 4.03986028916594 7.8728318506638
0 0

0101101
*
Ed
 1.5e-07 1 1 0
1  32 0 2.25684206950744 2.62970205776208
2  94 8 0 2.25684206950744 2.62970205776208
2  95 19 0 2.25684206950744 2.62970205776208
0

0101000
+417 0 -415 0 *
Ve
1.50000002220446e-07
15.6 2.30576597420376 8.90301600421303
0 0

0101101
*
Ed
 1.5e-07 1 1 0
1  33 0 2.08048998399259 4.09750819992623
2  96 8 0 2.08048998399259 4.09750819992623
2  97 16 0 2.08048998399259 4.09750819992623
0

0101000
+413 0 -415 0 *
Ve
2.12132034800053e-07
15.6 2.30576597420376 7.63199126388304
0 0

0101101
*
Ed
 1.5e-07 1 1 0
1  34 0 -0.503708987250285 0.767315753079702
2  98 8 0 -0.503708987250285 0.767315753079702
2  99 37 0 -0.503708987250285 0.767315753079702
0

0101000
+411 0 -413 0 *
Ed
 2.12132034355964e-07 1 1 0
1  31 0 0.8 2.48530607960498
2  92 8 0 0.8 2.48530607960498
2  93 36 0 0.8 2.48530607960498
0

0101000
+425 0 -411 0 *
Wi

0101100
+424 0 -478 0 +435 0 +422 0 -420 0 +418 0 +416 0 -414 0 +412 0 +410 0 
+409 0 *
Fa
0  1e-07 8 0

0101000
+408 0 *
Ve
1.50000000111022e-07
14.05 0.620593331452458 7.61078404633548
0 0

0101101
*
Ed
 1e-07 1 1 0
1  35 0 1.15 38
2  100 9 0 1.15 38
2  101 11 0 1.15 38
0

0101000
+406 0 -477 0 *
Ed
 1.5e-07 1 1 0
1  36 0 -16.6375 -15.0875
2  102 9 0 -16.6375 -15.0875
2  103 36 0 -16.6375 -15.0875
0

0101000
+425 0 -406 0 *
Wi

0101100
+405 0 +404 0 +424 0 +476 0 *
Fa
0  1e-07 9 0

0101000
+403 0 *
Ve
1.50000003552822e-07
14.05 -0.179343327244596 7.60071716635245
0 0

0101101
*
Ed
 1e-07 1 1 0
1  37 0 1.15 32.5582449807659
2  104 38 0 1.15 32.5582449807659
2  105 11 0 1.15 32.5582449807659
2  106 12 0 1.15 32.5582449807659
0

0101000
+401 0 -470 0 *
Ed
 1.5e-07 1 1 0
1  38 0 5.20417042793042e-17 0.8
2  107 11 0 5.20417042793042e-17 0.8
2  108 36 0 5.20417042793042e-17 0.8
0

0101000
+401 0 -406 0 *
Wi

0101100
-400 0 +468 0 -475 0 +405 0 +399 0 *
Fa
0  1e-07 11 0

0101000
+398 0 *
Ve
1.00000005402578e-07
16.9 -0.164872187268994 6.45080821947544
0 0

0101101
*
Ve
1.00000085330156e-07
16.9 -0.201018040736357 9.32303807591408
0 0

0101101
*
Ed
 1e-07 1 1 0
1  39 0 0 2.87245728792274
2  109 4 0 0 2.87245728792274
2  110 12 0 0 2.87245728792274
0

0101000
+396 0 -395 0 *
Ed
 1e-07 1 1 0
1  40 0 4.19007415857867 5.23470380219072
2  111 13 0 4.19007415857867 5.23470380219072
2  112 14 0 4.19007415857867 5.23470380219072
2  113 12 0 4.19007415857867 5.23470380219072
0

0101000
+395 0 -465 0 *
Ve
1.50000003552822e-07
-14.05 -0.179343327244596 7.60071716635245
0 0

0101101
*
Ed
 1e-07 1 1 0
1  41 0 2.85 30.95
2  114 39 0 2.85 30.95
2  115 36 0 2.85 30.95
2  116 12 0 2.85 30.95
0

0101000
+392 0 -401 0 *
Ve
1e-07
-14.05 -0.416659804384549 26.4584119135983
0 0

0101101
*
Ed
 1e-07 1 1 0
1  42 0 0 18.8591879541678
2  117 40 0 0 18.8591879541678
2  118 41 0 0 18.8591879541678
2  119 12 0 0 18.8591879541678
0

0101000
+390 0 -392 0 *
Ve
1e-07
-16.9 -0.416659804384549 26.4584119135983
0 0

0101101
*
Ed
 1e-07 1 1 0
1  43 0 0 2.85
2  120 12 0 0 2.85
2  121 42 0 0 2.85
0

0101000
+390 0 -388 0 *
Ve
1.00000048015606e-07
-16.9 -0.238736160545167 12.3202037104567
0 0

0101101
*
Ed
 1e-07 1 1 0
1  44 0 5.86986024672645 20.0091879541678
2  122 43 0 5.86986024672645 20.0091879541678
2  123 44 0 5.86986024672645 20.0091879541678
2  124 12 0 5.86986024672645 20.0091879541678
0

0101000
+386 0 -388 0 *
Ve
1.00000001776574e-07
-16.5 -0.219877100640762 10.8216208931854
0 0

0101101
*
Ed
 1e-07 1 1 0
1  45 0 1.04848150498886 1.5707963267949
2  125 43 0 1.04848150498886 1.5707963267949
2  126 45 0 1.04848150498886 1.5707963267949
2  127 12 0 1.04848150498886 1.5707963267949
0

0101000
+386 0 -384 0 *
Ve
1.00000051548912e-07
-16.9 -0.201018040736357 9.32303807591405
0 0

0101101
*
Ed
 1e-07 1 1 0
1  46 0 1.5707963267949 2.09311114860093
2  128 43 0 1.5707963267949 2.09311114860093
2  129 45 0 1.5707963267949 2.09311114860093
2  130 12 0 1.5707963267949 2.09311114860093
0

0101000
+384 0 -382 0 *
Ve
1.00000003999907e-07
-16.9 -0.164872187268994 6.45080821947544
0 0

0101101
*
Ed
 1e-07 1 1 0
1  47 0 0 2.87245728792271
2  131 12 0 0 2.87245728792271
0

0101000
+382 0 -380 0 *
Ed
 1e-07 1 1 0
1  48 0 0 33.8
2  132 22 0 0 33.8
2  133 12 0 0 33.8
0

0101000
+380 0 -396 0 *
Wi

0101100
-394 0 -393 0 +464 0 +469 0 +400 0 +391 0 +389 0 -387 0 +385 0 -383 0 
-381 0 -379 0 -378 0 *
Fa
0  1e-07 12 0

0101000
+377 0 *
Ve
1.00000001776357e-07
22.5 -4.32904070443386 10.9843437718956
0 0

0101101
*
Ed
 1e-07 1 1 0
1  49 0 1.5707963267949 7.85398163397448
2  134 14 0 1.5707963267949 7.85398163397448
2  135 2 0 1.5707963267949 7.85398163397448
0

0101100
+375 0 -375 0 *
Ve
1e-07
22.5 1.77050946629672 10.7428015851347
0 0

0101101
*
Ed
 1e-07 1 1 0
1  50 0 0.295669167448026 6.4
3  136 137CN 14 0 0.295669167448026 6.4
0

0101000
+375 0 -373 0 *
Ed
 1e-07 1 1 0
1  51 0 3.66390747539584 6.28318530717959
2  138 14 0 3.66390747539584 6.28318530717959
2  139 15 0 3.66390747539584 6.28318530717959
0

0101000
+463 0 -373 0 *
Ve
3.66685611615481e-07
16.9 1.14721640462885 9.26964799187759
0 0

0101101
*
Ed
 1e-07 1 1 0
1  52 0 -5.83548627115926 -4.48619511624026
2  140 4 0 -5.83548627115926 -4.48619511624026
2  141 14 0 -5.83548627115926 -4.48619511624026
0

0101000
+370 0 -395 0 *
Ve
1.01745444533861e-07
17.9533386416177 0.208489458580486 8.23207117641641
0 0

0101101
*
Ed
 1.01745439040781e-07 1 1 0
1  53 0 2.15682107871211 2.66364876082845
2  142 14 0 2.15682107871211 2.66364876082845
2  143 37 0 2.15682107871211 2.66364876082845
0

0101000
+368 0 -370 0 *
Ve
1.50000001790181e-07
18.6830910790287 1.6562882561842 7.85842759239413
0 0

0101101
*
Ed
 1e-07 1 1 0
1  54 0 3.9950159032721 4.26088408526124
2  144 14 0 3.9950159032721 4.26088408526124
2  145 46 0 3.9950159032721 4.26088408526124
0

0101000
+366 0 -368 0 *
Ed
 1e-07 1 1 0
1  51 0 0 1.84658196767828
2  138 14 0 0 1.84658196767828
2  139 15 0 0 1.84658196767828
0

0101000
+373 0 -366 0 *
Wi

0101100
+374 0 -372 0 +371 0 -462 0 +393 0 +369 0 +367 0 +365 0 +364 0 +372 0 
*
Fa
0  1e-07 14 0

0101000
+363 0 *
Ve
1.50000000222045e-07
18.4006238003435 1.78386198980222 11.0799865221422
0 0

0101101
*
Ed
 1.5e-07 1 1 0
1  55 0 0.363964276610886 2.15520857744448
2  146 15 0 0.363964276610886 2.15520857744448
2  147 16 0 0.363964276610886 2.15520857744448
0

0101000
+361 0 -461 0 *
Ve
1.00000001776357e-07
20.65 1.77050946629672 10.7428015851347
0 0

0101101
*
Ed
 1e-07 1 1 0
1  56 0 0 2.84377555525987
2  148 15 0 0 2.84377555525987
2  149 47 0 0 2.84377555525987
0

0101000
+359 0 -361 0 *
Ve
1.50000000222045e-07
20.1505830583558 1.73298684707351 9.79526069565967
0 0

0101101
*
Ed
 1e-07 1 1 0
1  56 0 5.31370046028771 6.28318530717959
2  148 15 0 5.31370046028771 6.28318530717959
2  149 47 0 5.31370046028771 6.28318530717959
0

0101000
+357 0 -359 0 *
Ve
1.50000003580362e-07
20.1929508808939 1.69522898356169 8.84177929384604
0 0

0101101
*
Ed
 1.5e-07 1 1 0
1  57 0 -2.4410881935449 -1.4859193748285
2  150 15 0 -2.4410881935449 -1.4859193748285
2  151 17 0 -2.4410881935449 -1.4859193748285
0

0101000
+355 0 -357 0 *
Ed
 1.5e-07 1 1 0
1  58 0 -2.63338653296181 -0.83111752687929
2  152 15 0 -2.63338653296181 -0.83111752687929
2  153 46 0 -2.63338653296181 -0.83111752687929
0

0101000
+366 0 -355 0 *
Wi

0101100
-460 0 +360 0 +358 0 +356 0 +354 0 +353 0 +364 0 +371 0 *
Fa
0  1e-07 15 0

0101000
+352 0 *
Ve
1.50000000444089e-07
18.3718374425191 2.76090062733636 10.4803618929524
0 0

0101101
*
Ed
 1e-07 1 1 0
1  59 0 6.97852692684567 7.47153359544015
2  154 16 0 6.97852692684567 7.47153359544015
2  155 47 0 6.97852692684567 7.47153359544015
0

0101000
+361 0 -350 0 *
Ve
1.50000003996803e-07
18.9795805327147 2.77657490249862 10.8761769223022
0 0

0101101
*
Ed
 1.5e-07 1 1 0
1  60 0 -0.694136224659561 0.0313063189244529
2  156 16 0 -0.694136224659561 0.0313063189244529
2  157 48 0 -0.694136224659561 0.0313063189244529
0

0101000
+350 0 -348 0 *
Ed
 1e-07 1 1 0
1  61 0 1.3269487798759 5.06137144948714
2  158 17 0 1.3269487798759 5.06137144948714
2  159 16 0 1.3269487798759 5.06137144948714
0

0101000
+348 0 -459 0 *
Wi

0101100
-349 0 -347 0 -346 0 -458 0 +360 0 *
Fa
0  1e-07 16 0

0101000
+345 0 *
Ve
1.50000000888178e-07
19.0339443623756 2.72812629368782 9.65272720485782
0 0

0101101
*
Ed
 1.5e-07 1 1 0
1  62 0 0.31371821034299 1.53933311918913
2  160 17 0 0.31371821034299 1.53933311918913
2  161 48 0 0.31371821034299 1.53933311918913
0

0101000
+348 0 -343 0 *
Ed
 1e-07 1 1 0
1  63 0 4.25074852388882 5.26932953124303
2  162 17 0 4.25074852388882 5.26932953124303
2  163 47 0 4.25074852388882 5.26932953124303
0

0101000
+343 0 -357 0 *
Ve
1e-07
17.7613259446024 3.86227361687574 5.93344767741125
0 0

0101101
*
Ed
 1e-07 1 1 0
1  64 0 1.46960328877854 5.83621239250241
2  164 46 0 1.46960328877854 5.83621239250241
2  165 17 0 1.46960328877854 5.83621239250241
0

0101000
+355 0 -340 0 *
Ed
 1e-07 1 1 0
1  65 0 0.867767641477403 2.6
2  166 19 0 0.867767641477403 2.6
2  167 17 0 0.867767641477403 2.6
0

0101000
+457 0 -340 0 *
Wi

0101100
-342 0 -341 0 +354 0 -339 0 +338 0 +456 0 +346 0 *
Fa
0  1e-07 17 0

0101000
+337 0 *
Ve
1e-07
16.0314841365326 1.92123077369742 5.93344767741125
0 0

0101101
*
Ve
3.70530170540468e-07
15.6663772407843 2.24661110978818 6.48115576345735
0 0

0101101
*
Ed
 1e-07 1 1 0
1  66 0 0 0.734274850418924
2  168 19 0 0 0.734274850418924
2  169 37 0 0 0.734274850418924
0

0101000
+335 0 -334 0 *
Ed
 1e-07 1 1 0
1  67 0 0 2.6
2  170 19 0 0 2.6
2  171 46 0 0 2.6
0

0101000
+340 0 -335 0 *
Ed
 3.70529178089984e-07 1 1 0
1  68 0 -1.71908535157432 0.152988017452473
2  172 21 0 -1.71908535157432 0.152988017452473
2  173 19 0 -1.71908535157432 0.152988017452473
2  174 20 0 -1.71908535157432 0.152988017452473
2  175 22 0 -1.71908535157432 0.152988017452473
0

0101000
+455 0 -334 0 *
Wi

0101100
+333 0 +332 0 +338 0 -454 0 -331 0 *
Fa
0  1e-07 19 0

0101000
+330 0 *
Ve
4.16251736661735e-07
16.9 1.97949529198434 6.47779421870232
0 0

0101101
*
Ed
 1.00000005333694e-07 1 1 0
1  16 0 0 2.14453727648497
2  45 4 0 0 2.14453727648497
2  46 20 0 0 2.14453727648497
2  176 18 0 0 2.14453727648497
2  177 21 0 0 2.14453727648497
2  178 22 0 0 2.14453727648497
0

0101000
+396 0 -328 0 *
Ve
4.16251736661735e-07
16.4817710693607 1.51993867199494 6.47201088412383
0 0

0101101
*
Ed
 4.16250747254915e-07 1 1 0
1  69 0 0.231242251497109 0.852644836266953
2  179 21 0 0.231242251497109 0.852644836266953
2  180 46 0 0.231242251497109 0.852644836266953
2  181 20 0 0.231242251497109 0.852644836266953
2  182 22 0 0.231242251497109 0.852644836266953
0

0101000
+328 0 -326 0 *
Ed
 2.13135536874281e-07 1 1 0
1  70 0 2.57765608949994 3.66990311116986
2  183 21 0 2.57765608949994 3.66990311116986
2  184 37 0 2.57765608949994 3.66990311116986
2  185 20 0 2.57765608949994 3.66990311116986
2  186 22 0 2.57765608949994 3.66990311116986
0

0101000
+326 0 -334 0 *
Ve
1.00000003972055e-07
-16.9 5.73466067062178 6.52505145935026
0 0

0101101
*
Ed
 1e-07 1 1 0
1  71 0 0 33.8
2  187 22 0 0 33.8
2  188 23 0 0 33.8
0

0101000
+453 0 -323 0 *
Ve
3.70530170540468e-07
-16.9 3.65463085795842 6.49887512368975
0 0

0101101
*
Ed
 1.00000001986027e-07 1 1 0
1  72 0 3.8198054845479 5.9
2  189 49 0 3.8198054845479 5.9
2  190 44 0 3.8198054845479 5.9
2  191 21 0 3.8198054845479 5.9
2  192 50 0 3.8198054845479 5.9
2  193 22 0 3.8198054845479 5.9
0

0101000
+321 0 -323 0 *
Ve
3.70530170540468e-07
-15.6663772407843 2.24661110978818 6.48115576345734
0 0

0101101
*
Ed
 3.70529175584352e-07 1 1 0
1  73 0 10.9834476456342 12.855521014661
2  194 21 0 10.9834476456342 12.855521014661
2  195 51 0 10.9834476456342 12.855521014661
2  196 49 0 10.9834476456342 12.855521014661
2  197 22 0 10.9834476456342 12.855521014661
0

0101000
+319 0 -321 0 *
Ve
4.16251736661735e-07
-16.4817710693607 1.51993867199494 6.47201088412383
0 0

0101101
*
Ed
 2.13135534450743e-07 1 1 0
1  74 0 9.82037218018086 10.9126192018508
2  198 21 0 9.82037218018086 10.9126192018508
2  199 52 0 9.82037218018086 10.9126192018508
2  200 49 0 9.82037218018086 10.9126192018508
2  201 22 0 9.82037218018086 10.9126192018508
0

0101000
+319 0 -317 0 *
Ve
4.16251736661735e-07
-16.9 1.97949529198434 6.47779421870231
0 0

0101101
*
Ed
 4.16250741705619e-07 1 1 0
1  75 0 11.8216079102619 12.4430104950318
2  202 21 0 11.8216079102619 12.4430104950318
2  203 53 0 11.8216079102619 12.4430104950318
2  204 49 0 11.8216079102619 12.4430104950318
2  205 22 0 11.8216079102619 12.4430104950318
0

0101000
+317 0 -315 0 *
Ed
 1.00000001779823e-07 1 1 0
1  72 0 0 2.14453727648497
2  189 49 0 0 2.14453727648497
2  190 44 0 0 2.14453727648497
2  206 21 0 0 2.14453727648497
2  207 50 0 0 2.14453727648497
2  208 22 0 0 2.14453727648497
0

0101000
+380 0 -315 0 *
Wi

0101100
+327 0 +325 0 +324 0 -331 0 +452 0 +322 0 -320 0 -318 0 +316 0 +314 0 
-313 0 +378 0 *
Fa
0  0 22 0

0111000
+312 0 *
Ed
 1e-07 1 1 0
1  76 0 0 1.3
2  209 35 0 0 1.3
2  210 3 0 0 1.3
2  211 23 0 0 1.3
0

0101000
+421 0 -451 0 *
Ve
1e-07
-16.9 5.48287305350623 26.5326551534732
0 0

0101101
*
Ed
 1e-07 1 1 0
1  77 0 0 20.0091879541678
2  212 23 0 0 20.0091879541678
2  213 44 0 0 20.0091879541678
0

0101000
+323 0 -309 0 *
Ve
1e-07
-15.6 5.48287305350623 26.5326551534732
0 0

0101101
*
Ed
 1e-07 1 1 0
1  78 0 0 1.3
2  214 54 0 0 1.3
2  215 55 0 0 1.3
2  216 23 0 0 1.3
2  217 42 0 0 1.3
0

0101000
+309 0 -307 0 *
Ve
2.12133034355964e-07
-15.6 5.72018953064618 7.67496040622727
0 0

0101101
*
Ed
 1e-07 1 1 0
1  79 0 0 18.8591879541678
2  218 54 0 0 18.8591879541678
2  219 56 0 0 18.8591879541678
2  220 23 0 0 18.8591879541678
0

0101000
+307 0 -305 0 *
Ed
 1e-07 1 1 0
1  80 0 1.3 32.5
2  221 57 0 1.3 32.5
2  222 36 0 1.3 32.5
2  223 23 0 1.3 32.5
0

0101000
+305 0 -419 0 *
Wi

0101100
+418 0 +310 0 -450 0 +322 0 +308 0 +306 0 +304 0 +303 0 *
Fa
0  0 23 0

0111000
+302 0 *
Ed
 1.5e-07 1 1 0
1  81 0 -2.1875 -0.887500000000003
2  224 3 0 -2.1875 -0.887500000000003
2  225 24 0 -2.1875 -0.887500000000003
2  226 26 0 -2.1875 -0.887500000000003
0

0101000
+449 0 -423 0 *
Wi

0101100
+300 0 -448 0 +310 0 +420 0 *
Fa
0  1e-07 3 0

0101000
+299 0 *
Ve
1.50000007105427e-07
15.25 3.79411888822056 44.5036394743796
0 0

0101101
*
Ed
 1.5e-07 1 1 0
1  82 0 0.161149584487531 0.425000000000003
2  227 26 0 0.161149584487531 0.425000000000003
2  228 33 0 0.161149584487531 0.425000000000003
0

0101000
+297 0 -438 0 *
Ve
1.50000007160723e-07
-5.75 3.79411888822055 44.5036394743796
0 0

0101101
*
Ed
 1.5e-07 1 1 0
1  83 0 -5.0375 15.9625
2  229 26 0 -5.0375 15.9625
2  230 32 0 -5.0375 15.9625
0

0101000
+295 0 -297 0 *
Ve
1e-07
-5.75 5.55182184896458 57.6225623007674
0 0

0101101
*
Ed
 1e-07 1 1 0
1  84 0 0 13.2361495844875
2  231 58 0 0 13.2361495844875
2  232 26 0 0 13.2361495844875
2  233 31 0 0 13.2361495844875
0

0101000
+293 0 -295 0 *
Ve
1e-07
11.75 5.55182184896458 57.6225623007674
0 0

0101101
*
Ed
 1e-07 1 1 0
1  85 0 0 17.5
2  234 58 0 0 17.5
2  235 26 0 0 17.5
2  236 59 0 0 17.5
0

0101000
+291 0 -293 0 *
Ve
1.50000000888178e-07
11.75 4.99408015920785 53.459759854397
0 0

0101101
*
Ed
 1e-07 1 1 0
1  86 0 9.3 13.5
2  237 58 0 9.3 13.5
2  238 60 0 9.3 13.5
2  239 26 0 9.3 13.5
0

0101000
+289 0 -291 0 *
Ve
1e-07
16.5 4.99408015920785 53.459759854397
0 0

0101101
*
Ed
 1e-07 1 1 0
1  87 0 0 4.75
2  240 61 0 0 4.75
2  241 62 0 0 4.75
2  242 26 0 0 4.75
0

0101000
+287 0 -289 0 *
Ve
1e-07
16.5 4.51601585370208 49.8916434717939
0 0

0101101
*
Ed
 1e-07 1 1 0
1  88 0 0 3.6
2  243 61 0 0 3.6
2  244 26 0 0 3.6
2  245 63 0 0 3.6
0

0101000
+285 0 -287 0 *
Ve
1.50000000888178e-07
11.75 4.51601585370208 49.8916434717939
0 0

0101101
*
Ed
 1e-07 1 1 0
1  89 0 1 5.75
2  246 61 0 1 5.75
2  247 64 0 1 5.75
2  248 26 0 1 5.75
0

0101000
+283 0 -285 0 *
Ve
1.5e-07
11.75 4.05123111223814 46.4226414331519
0 0

0101101
*
Ed
 1e-07 1 1 0
1  86 0 2.20000000000001 5.7
2  237 58 0 2.20000000000001 5.7
2  238 60 0 2.20000000000001 5.7
2  249 26 0 2.20000000000001 5.7
0

0101000
+281 0 -283 0 *
Ed
 1e-07 1 1 0
1  90 0 0 5.15
2  250 24 0 0 5.15
2  251 27 0 0 5.15
2  252 26 0 0 5.15
0

0101000
+447 0 -281 0 *
Wi

0101100
+446 0 -300 0 -422 0 +436 0 +296 0 +294 0 +292 0 +290 0 +288 0 +286 0 
+284 0 +282 0 +280 0 +279 0 *
Ve
1.50000000444089e-07
10.75 3.89187634373622 45.2332693056175
0 0

0101101
*
Ve
1.50000007324107e-07
10.75 5.41902620854631 56.6314188611555
0 0

0101101
*
Ed
 1e-07 1 1 0
1  91 0 0 11.5
2  253 26 0 0 11.5
2  254 65 0 0 11.5
0

0101000
+277 0 -276 0 *
Ve
1.50000000993014e-07
-4.75 3.89187634373622 45.2332693056175
0 0

0101101
*
Ed
 1.5e-07 1 1 0
1  92 0 -11.625 3.875
2  255 58 0 -11.625 3.875
2  256 66 0 -11.625 3.875
2  257 26 0 -11.625 3.875
0

0101000
+277 0 -274 0 *
Ve
1.50000007215596e-07
-4.75 5.41902620854631 56.6314188611555
0 0

0101101
*
Ed
 1.5e-07 1 1 0
1  93 0 -11.625 3.875
2  258 58 0 -11.625 3.875
2  259 67 0 -11.625 3.875
2  260 26 0 -11.625 3.875
0

0101000
+272 0 -276 0 *
Ed
 1.5e-07 1 1 0
1  94 0 -8.625 2.875
2  261 58 0 -8.625 2.875
2  262 68 0 -8.625 2.875
2  263 26 0 -8.625 2.875
0

0101000
+274 0 -272 0 *
Wi

0101100
-275 0 +273 0 +271 0 +270 0 *
Fa
0  1e-07 26 0

0101000
+278 0 +269 0 *
Ve
1.50000000888178e-07
11.75 1.17691513736335 46.8077487903649
0 0

0101101
*
Ed
 1.5e-07 1 1 0
1  95 0 0 2.9
2  264 60 0 0 2.9
2  265 27 0 0 2.9
0

0101000
+281 0 -267 0 *
Ed
 1e-07 1 1 0
1  96 0 0 5.15
2  266 28 0 0 5.15
2  267 27 0 0 5.15
2  268 29 0 0 5.15
0

0101000
+445 0 -267 0 *
Wi

0101100
-279 0 -266 0 +265 0 +444 0 *
Fa
0  1e-07 27 0

0101000
+264 0 *
Ve
1e-07
11.75 2.67750587408979 58.0076696579804
0 0

0101101
*
Ed
 1e-07 1 1 0
1  97 0 2.20000000000001 13.5
2  269 69 0 2.20000000000001 13.5
2  270 60 0 2.20000000000001 13.5
2  271 29 0 2.20000000000001 13.5
0

0101000
+267 0 -262 0 *
Ve
1e-07
-5.75 2.67750587408979 58.0076696579804
0 0

0101101
*
Ed
 1e-07 1 1 0
1  98 0 0 17.5
2  272 69 0 0 17.5
2  273 59 0 0 17.5
2  274 29 0 0 17.5
0

0101000
+262 0 -260 0 *
Ed
 1e-07 1 1 0
1  99 0 0 13.5
2  275 69 0 0 13.5
2  276 31 0 0 13.5
2  277 29 0 0 13.5
0

0101000
+260 0 -434 0 *
Wi

0101100
+265 0 +261 0 +259 0 +258 0 -433 0 +442 0 *
Ve
1.5000000719164e-07
10.75 1.01756036886143 45.6183766628305
0 0

0101101
*
Ve
1.5000000719164e-07
-4.75 1.01756036886143 45.6183766628305
0 0

0101101
*
Ed
 1.5e-07 1 1 0
1  100 0 -11.625 3.875
2  278 69 0 -11.625 3.875
2  279 66 0 -11.625 3.875
2  280 29 0 -11.625 3.875
0

0101000
+256 0 -255 0 *
Ve
1.50000007174481e-07
-4.75 2.54471023367152 57.0165262183684
0 0

0101101
*
Ed
 1.5e-07 1 1 0
1  101 0 -8.625 2.875
2  281 69 0 -8.625 2.875
2  282 68 0 -8.625 2.875
2  283 29 0 -8.625 2.875
0

0101000
+255 0 -253 0 *
Ve
1.50000007160723e-07
10.75 2.54471023367152 57.0165262183684
0 0

0101101
*
Ed
 1.5e-07 1 1 0
1  102 0 -11.625 3.875
2  284 69 0 -11.625 3.875
2  285 67 0 -11.625 3.875
2  286 29 0 -11.625 3.875
0

0101000
+253 0 -251 0 *
Ed
 1e-07 1 1 0
1  103 0 0 11.5
2  287 65 0 0 11.5
2  288 29 0 0 11.5
0

0101000
+251 0 -256 0 *
Wi

0101100
+254 0 +252 0 +250 0 +249 0 *
Fa
0  0 29 0

0111000
+257 0 +248 0 *
Ed
 1.5e-07 1 1 0
1  104 0 -1.00899899559421 0.807436076872962
2  289 31 0 -1.00899899559421 0.807436076872962
2  290 32 0 -1.00899899559421 0.807436076872962
0

0101000
+432 0 -295 0 *
Ed
 1e-07 1 1 0
1  105 0 0 2.9
2  291 31 0 0 2.9
2  292 59 0 0 2.9
0

0101000
+293 0 -260 0 *
Wi

0101100
-292 0 +246 0 -431 0 +258 0 +245 0 *
Fa
0  1e-07 31 0

0101000
+244 0 *
Ed
 1e-07 1 1 0
1  106 0 1.72108415002791 3.5375192224951
2  293 33 0 1.72108415002791 3.5375192224951
2  294 32 0 1.72108415002791 3.5375192224951
0

0101000
+430 0 -297 0 *
Wi

0101100
-242 0 +294 0 +246 0 +429 0 *
Fa
0  1e-07 32 0

0101000
+241 0 *
Wi

0101100
+428 0 +296 0 +242 0 *
Fa
0  1e-07 33 0

0101000
+239 0 *
Ve
2.12132035244143e-07
-15.6 2.30576597420376 7.63199126388304
0 0

0101101
*
Ve
2.121320380197e-07
-15.6 0.620593331452459 7.61078404633548
0 0

0101101
*
Ed
 2.12132034355964e-07 1 1 0
1  107 0 -2.48530607960498 -0.8
2  295 56 0 -2.48530607960498 -0.8
2  296 36 0 -2.48530607960498 -0.8
0

0101000
+237 0 -236 0 *
Ve
1.50000001776357e-07
-14.05 0.620593331452458 7.61078404633548
0 0

0101101
*
Ed
 1.5e-07 1 1 0
1  108 0 -1.8125 -0.262499999999998
2  297 70 0 -1.8125 -0.262499999999998
2  298 36 0 -1.8125 -0.262499999999998
0

0101000
+234 0 -236 0 *
Ed
 1.5e-07 1 1 0
1  109 0 -0.8 0
2  299 41 0 -0.8 0
2  300 36 0 -0.8 0
0

0101000
+234 0 -392 0 *
Ve
1.50000003662053e-07
14.893941812234 2.93499936615079 7.63990991215247
0 0

0101101
*
Ed
 1.5e-07 1 1 0
1  110 0 7.9021011438166 8.84788945577809
2  301 36 0 7.9021011438166 8.84788945577809
2  302 37 0 7.9021011438166 8.84788945577809
0

0101000
+231 0 -411 0 *
Ed
 1.5e-07 1 1 0
1  111 0 11.0031598628341 12.0746322561778
2  303 36 0 11.0031598628341 12.0746322561778
2  304 19 0 11.0031598628341 12.0746322561778
0

0101000
+231 0 -417 0 *
Ve
2.12132034800053e-07
-15.6 3.74087285081629 7.65005150469412
0 0

0101101
*
Ed
 2.12132034355964e-07 1 1 0
1  107 0 -5.9 -3.92052659213911
2  295 56 0 -5.9 -3.92052659213911
2  296 36 0 -5.9 -3.92052659213911
0

0101000
+305 0 -228 0 *
Ve
1.50000002664535e-07
-14.893941812234 2.93499936615079 7.63990991215247
0 0

0101101
*
Ed
 1.5e-07 1 1 0
1  112 0 -0.938196593091078 0.13327580025258
2  305 36 0 -0.938196593091078 0.13327580025258
2  306 51 0 -0.938196593091078 0.13327580025258
0

0101000
+228 0 -226 0 *
Ed
 1.5e-07 1 1 0
1  113 0 2.8945077702515 3.84029608221299
2  307 36 0 2.8945077702515 3.84029608221299
2  308 52 0 2.8945077702515 3.84029608221299
0

0101000
+237 0 -226 0 *
Wi

0101100
-235 0 +233 0 -232 0 -391 0 -399 0 +404 0 -409 0 +230 0 -229 0 -416 0 
+303 0 -227 0 -225 0 +224 0 *
Fa
0  1e-07 36 0

0101000
+223 0 *
Ve
1e-07
14.7386740553976 3.07337274526747 7.8728318506638
0 0

0101101
*
Ed
 1e-07 1 1 0
1  66 0 2.28773745373315 2.6
2  168 19 0 2.28773745373315 2.6
2  169 37 0 2.28773745373315 2.6
0

0101000
+231 0 -221 0 *
Ed
 1e-07 1 1 0
1  114 0 0 1.2945966767129
2  309 19 0 0 1.2945966767129
2  310 16 0 0 1.2945966767129
0

0101000
+221 0 -415 0 *
Wi

0101100
+220 0 -229 0 -414 0 +219 0 *
Fa
0  1e-07 19 0

0101000
+218 0 *
Ve
1.50000004070145e-07
14.8371177790085 2.98564048863923 7.9905749242538
0 0

0101101
*
Ed
 1e-07 1 1 0
1  115 0 5.65943132182494 5.83621239250241
2  311 37 0 5.65943132182494 5.83621239250241
2  312 16 0 5.65943132182494 5.83621239250241
0

0101000
+216 0 -221 0 *
Ve
1.50000008881784e-07
15.25 3.43932205878442 7.99628432370125
0 0

0101101
*
Ed
 1.5e-07 1 1 0
1  116 0 -1.27429342064618 -0.660834952009263
2  313 16 0 -1.27429342064618 -0.660834952009263
2  314 71 0 -1.27429342064618 -0.660834952009263
0

0101000
+214 0 -216 0 *
Ve
1.50000007444292e-07
15.25 2.6176831660124 8.48440043132595
0 0

0101101
*
Ed
 1.5e-07 1 1 0
1  117 0 12.0874639776088 13.0431562945384
2  315 16 0 12.0874639776088 13.0431562945384
2  316 33 0 12.0874639776088 13.0431562945384
0

0101000
+212 0 -214 0 *
Ed
 1e-07 1 1 0
1  115 0 4.28947973038785 4.91799491111888
2  311 37 0 4.28947973038785 4.91799491111888
2  312 16 0 4.28947973038785 4.91799491111888
0

0101000
+413 0 -212 0 *
Wi

0101100
-412 0 +219 0 +215 0 +213 0 +211 0 +210 0 *
Fa
0  1e-07 16 0

0101000
+209 0 *
Ve
1.50000008042798e-07
15.25 2.6176831660124 7.98594432986174
0 0

0101101
*
Ed
 1.5e-07 1 1 0
1  118 0 -19.1539141853171 -18.6554580838529
2  317 37 0 -19.1539141853171 -18.6554580838529
2  318 33 0 -19.1539141853171 -18.6554580838529
0

0101000
+207 0 -212 0 *
Ed
 1.5e-07 1 1 0
1  119 0 -3.8779882610813 -3.32491886029146
2  319 37 0 -3.8779882610813 -3.32491886029146
2  320 71 0 -3.8779882610813 -3.32491886029146
0

0101000
+216 0 -207 0 *
Wi

0101100
-410 0 -210 0 +206 0 +205 0 -215 0 +220 0 -230 0 *
Fa
0  1e-07 37 0

0101000
+204 0 *
Ve
3.66686573880962e-07
16.9 1.14721640462882 6.97223129383104
0 0

0101101
*
Ed
 1e-07 1 1 0
1  120 0 0 2.29741669804656
2  321 37 0 0 2.29741669804656
2  322 4 0 0 2.29741669804656
0

0101000
+202 0 -370 0 *
Ed
 2.99173827469749e-07 1 1 0
1  121 0 1.53607747825839 2.50414574423947
2  323 18 0 1.53607747825839 2.50414574423947
2  324 46 0 1.53607747825839 2.50414574423947
2  325 4 0 1.53607747825839 2.50414574423947
0

0101000
+202 0 -328 0 *
Wi

0101100
-369 0 -201 0 +200 0 -327 0 +394 0 *
Fa
0  0 4 0

0111000
+199 0 *
Ve
1e-07
-14.05 0.383276854312505 26.4684787935814
0 0

0101101
*
Ed
 1e-07 1 1 0
1  122 0 0 18.8591879541678
2  326 70 0 0 18.8591879541678
2  327 41 0 0 18.8591879541678
0

0101000
+197 0 -234 0 *
Ed
 1e-07 1 1 0
1  123 0 0 0.8
2  328 72 0 0 0.8
2  329 41 0 0 0.8
2  330 42 0 0 0.8
0

0101000
+390 0 -197 0 *
Wi

0101100
-389 0 +232 0 +196 0 +195 0 *
Fa
0  1e-07 41 0

0101000
+194 0 *
Ed
 1e-07 1 1 0
1  124 0 0 5.9
2  331 55 0 0 5.9
2  332 44 0 0 5.9
2  333 42 0 0 5.9
0

0101000
+388 0 -309 0 *
Ve
1.00000005024603e-07
-15.6 0.383276854312505 26.4684787935814
0 0

0101101
*
Ed
 1e-07 1 1 0
1  125 0 0.8 5.9
2  334 55 0 0.8 5.9
2  335 56 0 0.8 5.9
2  336 42 0 0.8 5.9
0

0101000
+191 0 -307 0 *
Ed
 1e-07 1 1 0
1  126 0 0 1.55
2  337 70 0 0 1.55
2  338 72 0 0 1.55
2  339 42 0 0 1.55
0

0101000
+191 0 -197 0 *
Wi

0101100
+192 0 +306 0 -190 0 +189 0 -195 0 +387 0 *
Fa
0  0 42 0

0111000
+188 0 *
Ve
1.50000000222045e-07
-16.9 1.82973090314887 12.2382924147345
0 0

0101101
*
Ed
 1e-07 1 1 0
1  127 0 -6.4 -4.3299117279802
2  340 44 0 -6.4 -4.3299117279802
2  341 45 0 -6.4 -4.3299117279802
0

0101000
+186 0 -386 0 *
Ve
1.50000001831027e-07
-16.9 1.74515946773152 10.1026501062154
0 0

0101101
*
Ed
 1.5e-07 1 1 0
1  128 0 1.54195335952849 3.67926952650645
2  342 44 0 1.54195335952849 3.67926952650645
2  343 73 0 1.54195335952849 3.67926952650645
0

0101000
+184 0 -186 0 *
Ve
3.66685575866989e-07
-16.9 4.62988038793945 8.388906076396
0 0

0101101
*
Ed
 1.5e-07 1 1 0
1  129 0 0.151422488848465 3.50679629622476
2  344 44 0 0.151422488848465 3.50679629622476
2  345 74 0 0.151422488848465 3.50679629622476
0

0101000
+184 0 -182 0 *
Ve
3.66686573880962e-07
-16.9 4.62988038793945 7.22554922376305
0 0

0101101
*
Ed
 1e-07 1 1 0
1  130 0 0 1.16335685263295
2  346 75 0 0 1.16335685263295
2  347 44 0 0 1.16335685263295
0

0101000
+180 0 -182 0 *
Ed
 3.18668920082177e-07 1 1 0
1  131 0 1.49986960304299 2.71607965621866
2  348 50 0 1.49986960304299 2.71607965621866
2  349 51 0 1.49986960304299 2.71607965621866
2  350 44 0 1.49986960304299 2.71607965621866
0

0101000
+321 0 -180 0 *
Wi

0101100
-385 0 -185 0 -183 0 +181 0 -179 0 -178 0 +320 0 +308 0 -192 0 *
Fa
0  0 44 0

0111000
+177 0 *
Ve
1.00000001776357e-07
-16.5 -4.32904070443386 10.9843437718956
0 0

0101101
*
Ed
 1e-07 1 1 0
1  132 0 1.5707963267949 7.85398163397448
2  351 45 0 1.5707963267949 7.85398163397448
2  352 2 0 1.5707963267949 7.85398163397448
0

0101100
+175 0 -175 0 *
Ed
 1e-07 1 1 0
1  133 0 0.295669167448026 4.40805342211023
3  353 354CN 45 0 0.295669167448026 4.40805342211023
0

0101000
+175 0 -384 0 *
Ve
1.5000000189715e-07
-18.6830910790287 1.6562882561842 7.85842759239413
0 0

0101101
*
Ed
 1e-07 1 1 0
1  134 0 1.29501068591152 5.76087048537354
2  355 45 0 1.29501068591152 5.76087048537354
2  356 73 0 1.29501068591152 5.76087048537354
0

0101000
+172 0 -186 0 *
Ve
1.0174536830032e-07
-17.9533386416177 0.208489458580486 8.23207117641641
0 0

0101101
*
Ed
 1e-07 1 1 0
1  135 0 2.02230122191835 2.28816940390749
2  357 45 0 2.02230122191835 2.28816940390749
2  358 53 0 2.02230122191835 2.28816940390749
0

0101000
+170 0 -172 0 *
Ve
3.66685611573647e-07
-16.9 1.14721640462885 9.26964799187759
0 0

0101101
*
Ed
 1.01745362016026e-07 1 1 0
1  136 0 3.61953654635114 4.12636422846748
2  359 45 0 3.61953654635114 4.12636422846748
2  360 52 0 3.61953654635114 4.12636422846748
0

0101000
+168 0 -170 0 *
Ed
 1e-07 1 1 0
1  137 0 -5.83548627115926 -4.48619511624026
2  361 44 0 -5.83548627115926 -4.48619511624026
2  362 45 0 -5.83548627115926 -4.48619511624026
0

0101000
+168 0 -382 0 *
Wi

0101100
+174 0 -173 0 +383 0 +185 0 +171 0 +169 0 +167 0 -166 0 +381 0 +173 0 
*
Fa
0  1e-07 45 0

0101000
+165 0 *
Ve
3.66686573880962e-07
-16.9 1.14721640462882 6.97223129383103
0 0

0101101
*
Ed
 2.99173819867976e-07 1 1 0
1  138 0 -3.03865729345609 -2.07058902747501
2  363 50 0 -3.03865729345609 -2.07058902747501
2  364 53 0 -3.03865729345609 -2.07058902747501
2  365 44 0 -3.03865729345609 -2.07058902747501
0

0101000
+315 0 -163 0 *
Ed
 1e-07 1 1 0
1  139 0 0 2.29741669804656
0

0101000
+168 0 -163 0 *
Wi

0101100
+313 0 +162 0 -161 0 +166 0 +379 0 *
Fa
0  0 44 0

0111000
+160 0 *
Wi

0101100
+374 0 *
Ve
1e-07
20.65 -4.32904070443386 10.9843437718956
0 0

0101101
*
Ed
 1e-07 1 1 0
1  140 0 1.5707963267949 7.85398163397448
2  366 47 0 1.5707963267949 7.85398163397448
2  367 2 0 1.5707963267949 7.85398163397448
0

0101100
+157 0 -157 0 *
Wi

0101100
-156 0 *
Fa
0  1e-07 2 0

0101000
+158 0 +155 0 *
Ed
 1e-07 1 1 0
1  141 0 2.38502744506724 4.27656837851673
2  368 46 0 2.38502744506724 4.27656837851673
2  369 37 0 2.38502744506724 4.27656837851673
0

0101000
+368 0 -202 0 *
Wi

0101100
-367 0 +153 0 +201 0 *
Fa
0  1e-07 37 0

0111000
+152 0 *
Ed
 1e-07 1 1 0
1  141 0 5.02760618402447 5.83621239250241
2  368 46 0 5.02760618402447 5.83621239250241
2  369 37 0 5.02760618402447 5.83621239250241
0

0101000
+326 0 -335 0 *
Wi

0101100
+353 0 -365 0 -153 0 -200 0 -325 0 -150 0 +332 0 +339 0 *
Fa
0  1e-07 46 0

0101000
+149 0 *
Ed
 1e-07 1 1 0
1  142 0 1.39566916744803 7.5
3  370 371CN 47 0 1.39566916744803 7.5
0

0101000
+157 0 -359 0 *
Ed
 1e-07 1 1 0
1  143 0 1.98806585424608 2.9464030833252
2  372 47 0 1.98806585424608 2.9464030833252
2  373 48 0 1.98806585424608 2.9464030833252
0

0101000
+343 0 -350 0 *
Wi

0101100
+156 0 -147 0 -358 0 -349 0 +146 0 -341 0 -356 0 +147 0 *
Fa
0  1e-07 47 0

0101000
+145 0 *
Wi

0101100
+342 0 +347 0 +146 0 *
Fa
0  1e-07 48 0

0101000
+143 0 *
Wi

0101100
-324 0 +333 0 +150 0 *
Fa
0  1e-07 37 0

0101000
+141 0 *
Ve
1e-07
-17.7613259446024 3.86227361687574 5.93344767741125
0 0

0101101
*
Ed
 1e-07 1 1 0
1  144 0 0 1.7322323585226
2  374 51 0 0 1.7322323585226
2  375 75 0 0 1.7322323585226
0

0101000
+139 0 -180 0 *
Ve
1e-07
-16.0314841365326 1.92123077369742 5.93344767741125
0 0

0101101
*
Ed
 1e-07 1 1 0
1  145 0 0 2.6
2  376 51 0 0 2.6
2  377 53 0 0 2.6
0

0101000
+137 0 -139 0 *
Ed
 1e-07 1 1 0
1  146 0 1.86572514958108 2.6
2  378 51 0 1.86572514958108 2.6
2  379 52 0 1.86572514958108 2.6
0

0101000
+319 0 -137 0 *
Wi

0101100
+138 0 +136 0 +135 0 -318 0 -178 0 *
Fa
0  1e-07 51 0

0101000
+134 0 *
Ed
 1e-07 1 1 0
1  147 0 5.02760618402447 5.83621239250241
2  380 52 0 5.02760618402447 5.83621239250241
2  381 53 0 5.02760618402447 5.83621239250241
0

0101000
+317 0 -137 0 *
Wi

0101100
-132 0 +135 0 -316 0 *
Fa
0  1e-07 52 0

0101000
+131 0 *
Ve
1.50000003552714e-07
-20.1929508808939 1.69522898356169 8.84177929384604
0 0

0101101
*
Ed
 1.5e-07 1 1 0
1  148 0 0.085556175964136 1.88782518204666
2  382 73 0 0.085556175964136 1.88782518204666
2  383 53 0 0.085556175964136 1.88782518204666
0

0101000
+129 0 -172 0 *
Ed
 1e-07 1 1 0
1  149 0 1.46960328877854 5.83621239250241
2  384 53 0 1.46960328877854 5.83621239250241
2  385 75 0 1.46960328877854 5.83621239250241
0

0101000
+129 0 -139 0 *
Ed
 1e-07 1 1 0
1  147 0 2.38502744506724 4.27656837851673
2  380 52 0 2.38502744506724 4.27656837851673
2  381 53 0 2.38502744506724 4.27656837851673
0

0101000
+170 0 -163 0 *
Wi

0101100
-169 0 +128 0 -127 0 +136 0 +132 0 -314 0 -162 0 +126 0 *
Fa
0  1e-07 53 0

0101000
+125 0 *
Ed
 1.00000003552714e-07 1 1 0
1  150 0 1.15 20.0091879541678
2  386 70 0 1.15 20.0091879541678
2  387 76 0 1.15 20.0091879541678
2  388 56 0 1.15 20.0091879541678
0

0101000
+236 0 -191 0 *
Ve
1.50000003972055e-07
-15.6 2.30576597420376 8.90301600421303
0 0

0101101
*
Ed
 1.5e-07 1 1 0
1  151 0 10.206178180608 11.477202920938
2  389 56 0 10.206178180608 11.477202920938
2  390 52 0 10.206178180608 11.477202920938
0

0101000
+122 0 -237 0 *
Ve
1.50000003202373e-07
-15.6 4.03986028916594 7.8728318506638
0 0

0101101
*
Ed
 1.5e-07 1 1 0
1  152 0 -8.4807577542586 -6.46373953832497
2  391 56 0 -8.4807577542586 -6.46373953832497
2  392 74 0 -8.4807577542586 -6.46373953832497
0

0101000
+120 0 -122 0 *
Ed
 1.5e-07 1 1 0
1  153 0 3.246524510371 3.61938449862565
2  393 56 0 3.246524510371 3.61938449862565
2  394 51 0 3.246524510371 3.61938449862565
0

0101000
+120 0 -228 0 *
Wi

0101100
+123 0 +235 0 +121 0 +119 0 -118 0 +227 0 +304 0 +190 0 *
Fa
0  1e-07 56 0

0101000
+117 0 *
Ed
 1e-07 1 1 0
1  154 0 0 2.9
2  395 60 0 0 2.9
2  396 59 0 0 2.9
0

0101000
+291 0 -262 0 *
Wi

0101100
+115 0 -245 0 -290 0 +259 0 *
Fa
0  1e-07 59 0

0101000
+114 0 *
Ve
1.5e-07
11.75 4.14929278104565 49.9407778587486
0 0

0101101
*
Ed
 1.5e-07 1 1 0
1  155 0 -0.369999999999999 -8.88178419700125e-16
2  397 60 0 -0.369999999999999 -8.88178419700125e-16
2  398 64 0 -0.369999999999999 -8.88178419700125e-16
0

0101000
+112 0 -283 0 *
Ve
1.5e-07
11.75 4.62735708655141 53.5088942413518
0 0

0101101
*
Ed
 1.5e-07 1 1 0
1  156 0 1.95 5.55
2  399 60 0 1.95 5.55
2  400 77 0 1.95 5.55
0

0101000
+112 0 -110 0 *
Ed
 1.5e-07 1 1 0
1  157 0 6.66133814775094e-16 0.369999999999999
2  401 60 0 6.66133814775094e-16 0.369999999999999
2  402 62 0 6.66133814775094e-16 0.369999999999999
0

0101000
+289 0 -110 0 *
Wi

0101100
-280 0 +111 0 -109 0 +108 0 -288 0 -115 0 +261 0 +266 0 *
Fa
0  1e-07 60 0

0101000
+107 0 *
Ve
1e-07
16.5 4.62735708655141 53.5088942413518
0 0

0101101
*
Ed
 1e-07 1 1 0
1  158 0 0 4.75
2  403 77 0 0 4.75
2  404 62 0 0 4.75
0

0101000
+105 0 -110 0 *
Ed
 1e-07 1 1 0
1  159 0 0 0.369999999999999
2  405 62 0 0 0.369999999999999
2  406 63 0 0 0.369999999999999
0

0101000
+287 0 -105 0 *
Wi

0101100
-286 0 -108 0 +104 0 +103 0 *
Fa
0  1e-07 62 0

0101000
+102 0 *
Ve
1e-07
16.5 4.14929278104565 49.9407778587486
0 0

0101101
*
Ed
 1e-07 1 1 0
1  160 0 0 0.369999999999999
2  407 64 0 0 0.369999999999999
2  408 63 0 0 0.369999999999999
0

0101000
+285 0 -100 0 *
Ed
 1e-07 1 1 0
1  161 0 0 3.6
2  409 77 0 0 3.6
2  410 63 0 0 3.6
0

0101000
+100 0 -105 0 *
Wi

0101100
+99 0 -103 0 -284 0 +98 0 *
Fa
0  1e-07 63 0

0101000
+97 0 *
Ed
 1e-07 1 1 0
1  162 0 1 5.75
2  411 77 0 1 5.75
2  412 64 0 1 5.75
0

0101000
+112 0 -100 0 *
Wi

0101100
-282 0 -99 0 +95 0 -111 0 *
Fa
0  1e-07 64 0

0101000
+94 0 *
Ed
 1e-07 1 1 0
1  163 0 1 3.9
2  413 78 0 1 3.9
2  414 67 0 1 3.9
2  415 65 0 1 3.9
0

0101000
+276 0 -251 0 *
Ed
 1e-07 1 1 0
1  164 0 1 3.9
2  416 66 0 1 3.9
2  417 78 0 1 3.9
2  418 79 0 1 3.9
2  419 65 0 1 3.9
0

0101000
+277 0 -256 0 *
Wi

0101100
-249 0 -92 0 -275 0 +91 0 *
Fa
0  0 65 0

0111000
+90 0 *
Ed
 1e-07 1 1 0
1  165 0 1 3.9
2  420 66 0 1 3.9
2  421 68 0 1 3.9
0

0101000
+274 0 -255 0 *
Wi

0101100
+273 0 -91 0 -254 0 +88 0 *
Fa
0  1e-07 66 0

0101000
+87 0 *
Ed
 1e-07 1 1 0
1  166 0 1 3.9
2  422 67 0 1 3.9
2  423 68 0 1 3.9
0

0101000
+272 0 -253 0 *
Wi

0101100
+271 0 -85 0 -250 0 +92 0 *
Fa
0  1e-07 67 0

0101000
+84 0 *
Wi

0101100
+270 0 -88 0 -252 0 +85 0 *
Fa
0  1e-07 68 0

0101000
+82 0 *
Wi

0101100
+123 0 +233 0 +196 0 +189 0 *
Fa
0  1e-07 70 0

0101000
+80 0 *
Ve
1e-07
-14.7386740553976 3.07337274526747 7.8728318506638
0 0

0101101
*
Ed
 1e-07 1 1 0
1  146 0 0 0.312262546266847
2  378 51 0 0 0.312262546266847
2  379 52 0 0 0.312262546266847
0

0101000
+78 0 -226 0 *
Ed
 1e-07 1 1 0
1  167 0 1.30540332328709 2.6
2  424 51 0 1.30540332328709 2.6
2  425 74 0 1.30540332328709 2.6
0

0101000
+120 0 -78 0 *
Wi

0101100
-118 0 -225 0 +77 0 +76 0 *
Fa
0  1e-07 51 0

0101000
+75 0 *
Ve
1.500000037943e-07
-14.8371177790085 2.98564048863923 7.9905749242538
0 0

0101101
*
Ed
 1e-07 1 1 0
1  168 0 5.65943132182494 5.83621239250241
2  426 52 0 5.65943132182494 5.83621239250241
2  427 74 0 5.65943132182494 5.83621239250241
0

0101000
+73 0 -78 0 *
Ve
1.50000001601186e-07
-15.25 2.6176831660124 7.98594432986174
0 0

0101101
*
Ed
 1.5e-07 1 1 0
1  169 0 -8.93358395609838 -8.38051455530856
2  428 52 0 -8.93358395609838 -8.38051455530856
2  429 71 0 -8.93358395609838 -8.38051455530856
0

0101000
+71 0 -73 0 *
Ve
1.50000002512148e-07
-15.25 2.61768316601239 8.48440043132596
0 0

0101101
*
Ed
 1.5e-07 1 1 0
1  170 0 1.37659514395258 1.8750512454168
2  430 52 0 1.37659514395258 1.8750512454168
2  431 80 0 1.37659514395258 1.8750512454168
0

0101000
+69 0 -71 0 *
Ed
 1e-07 1 1 0
1  168 0 4.28947973038785 4.91799491111888
2  426 52 0 4.28947973038785 4.91799491111888
2  427 74 0 4.28947973038785 4.91799491111888
0

0101000
+122 0 -69 0 *
Wi

0101100
-121 0 -224 0 +77 0 +72 0 +70 0 +68 0 +67 0 *
Fa
0  1e-07 52 0

0101000
+66 0 *
Ed
 1e-07 1 1 0
1  171 0 1.90165257865548 2.72335653117624
2  432 71 0 1.90165257865548 2.72335653117624
2  433 33 0 1.90165257865548 2.72335653117624
0

0101000
+207 0 -214 0 *
Wi

0101100
+205 0 +213 0 +64 0 *
Fa
0  1e-07 71 0

0101000
+63 0 *
Wi

0101100
-64 0 +211 0 +206 0 *
Fa
0  1e-07 33 0

0101000
+61 0 *
Ve
1.5e-07
-20.1505830583558 1.73298684707351 9.79526069565962
0 0

0101101
*
Ed
 1.5e-07 1 1 0
1  172 0 0.466496070062981 1.42166488877933
2  434 73 0 0.466496070062981 1.42166488877933
2  435 75 0 0.466496070062981 1.42166488877933
0

0101000
+59 0 -129 0 *
Ve
1.5e-07
-18.4006238003435 1.78386198980222 11.0799865221422
0 0

0101101
*
Ed
 1e-07 1 1 0
1  173 0 0.297817098329873 4.11107750048169
2  436 73 0 0.297817098329873 4.11107750048169
2  437 81 0 0.297817098329873 4.11107750048169
0

0101000
+57 0 -59 0 *
Ed
 1.5e-07 1 1 0
1  174 0 -2.90076992835963 -1.10952562752612
2  438 73 0 -2.90076992835963 -1.10952562752612
2  439 74 0 -2.90076992835963 -1.10952562752612
0

0101000
+184 0 -57 0 *
Wi

0101100
+128 0 +58 0 +56 0 +55 0 -183 0 +171 0 *
Fa
0  1e-07 73 0

0101000
+54 0 *
Ve
1.50000005043884e-07
-18.9795805327147 2.77657490249862 10.8761769223022
0 0

0101101
*
Ve
1.50000001986027e-07
-18.3718374425191 2.76090062733636 10.4803618929524
0 0

0101101
*
Ed
 1.5e-07 1 1 0
1  175 0 0.7142550319907 1.43969757557471
2  440 74 0 0.7142550319907 1.43969757557471
2  441 82 0 0.7142550319907 1.43969757557471
0

0101000
+52 0 -51 0 *
Ve
1.00000002220446e-07
-18.35 2.33206846093048 10.7205638489472
0 0

0101101
*
Ed
 1e-07 1 1 0
1  176 0 5.09483701891902 5.29002658918361
2  442 74 0 5.09483701891902 5.29002658918361
2  443 81 0 5.09483701891902 5.29002658918361
0

0101000
+51 0 -49 0 *
Ed
 1e-07 1 1 0
1  177 0 5.29002658918361 5.58784368751349
2  444 74 0 5.29002658918361 5.58784368751349
2  445 81 0 5.29002658918361 5.58784368751349
0

0101000
+49 0 -57 0 *
Ed
 1e-07 1 1 0
1  178 0 1.3269487798759 5.06137144948714
2  446 74 0 1.3269487798759 5.06137144948714
2  447 75 0 1.3269487798759 5.06137144948714
0

0101000
+52 0 -182 0 *
Wi

0101100
-50 0 -48 0 -47 0 +55 0 -181 0 +46 0 *
Fa
0  1e-07 74 0

0101000
+45 0 *
Ve
1.50000000444089e-07
-19.0339443623756 2.72812629368782 9.65272720485782
0 0

0101101
*
Ed
 1.0208175543245e-07 1 1 0
1  179 0 7.29704108311616 8.31562209047036
2  448 75 0 7.29704108311616 8.31562209047036
2  449 81 0 7.29704108311616 8.31562209047036
0

0101000
+59 0 -43 0 *
Ed
 1.5e-07 1 1 0
1  180 0 -0.519909814423555 0.705705094422582
2  450 75 0 -0.519909814423555 0.705705094422582
2  451 82 0 -0.519909814423555 0.705705094422582
0

0101000
+43 0 -52 0 *
Wi

0101100
-42 0 -41 0 -46 0 +179 0 +138 0 +127 0 +58 0 *
Fa
0  1e-07 75 0

0101000
+40 0 *
Wi

0101100
+174 0 *
Ve
1e-07
-18.35 -4.32904070443386 10.9843437718956
0 0

0101101
*
Ed
 1e-07 1 1 0
1  181 0 1.5707963267949 7.85398163397448
2  452 81 0 1.5707963267949 7.85398163397448
2  453 2 0 1.5707963267949 7.85398163397448
0

0101100
+37 0 -37 0 *
Wi

0101100
-36 0 *
Fa
0  1e-07 2 0

0101000
+38 0 +35 0 *
Wi

0101100
-167 0 +161 0 -126 0 *
Fa
0  1e-07 52 0

0111000
+33 0 *
Ve
1.50000004351168e-07
-15.25 3.43932205878442 7.99628432370125
0 0

0101101
*
Ed
 1.5e-07 1 1 0
1  182 0 -2.69095238239572 -1.73526006546608
2  454 74 0 -2.69095238239572 -1.73526006546608
2  455 80 0 -2.69095238239572 -1.73526006546608
0

0101000
+31 0 -69 0 *
Ed
 1.5e-07 1 1 0
1  183 0 9.62482518934906 10.238283657986
2  456 74 0 9.62482518934906 10.238283657986
2  457 71 0 9.62482518934906 10.238283657986
0

0101000
+73 0 -31 0 *
Wi

0101100
-119 0 -67 0 +30 0 +29 0 -72 0 +76 0 *
Fa
0  1e-07 74 0

0101000
+28 0 *
Wi

0101100
-109 0 +104 0 +98 0 +95 0 *
Ve
1.00000001776357e-07
16.3 4.38832493379853 51.7248360500502
0 0

0101101
*
Ed
 1e-07 1 1 0
1  184 0 0 6.28318530717959
2  458 77 0 0 6.28318530717959
2  459 83 0 0 6.28318530717959
0

0101100
+25 0 -25 0 *
Wi

0101100
+24 0 *
Fa
0  1e-07 77 0

0101000
+26 0 +23 0 *
Ed
 1e-07 1 1 0
1  185 0 1.90165257865548 2.72335653117625
2  460 80 0 1.90165257865548 2.72335653117625
2  461 71 0 1.90165257865548 2.72335653117625
0

0101000
+71 0 -31 0 *
Wi

0101100
-21 0 +29 0 +70 0 *
Fa
0  1e-07 71 0

0101000
+20 0 *
Wi

0101100
+68 0 +30 0 +21 0 *
Fa
0  1e-07 80 0

0101000
+18 0 *
Ed
 1e-07 1 1 0
1  186 0 1.39566916744803 8.06199912932746
3  462 463CN 81 0 1.39566916744803 8.06199912932746
0

0101000
+37 0 -49 0 *
Ed
 1e-07 1 1 0
1  187 0 0.19518957026459 1.15352679934371
2  464 81 0 0.19518957026459 1.15352679934371
2  465 82 0 0.19518957026459 1.15352679934371
0

0101000
+51 0 -43 0 *
Wi

0101100
+36 0 -16 0 -47 0 -56 0 -42 0 +15 0 -48 0 +16 0 *
Fa
0  1e-07 81 0

0101000
+14 0 *
Wi

0101100
+50 0 +41 0 +15 0 *
Fa
0  1e-07 82 0

0101000
+12 0 *
Ve
1e-07
16.3 3.09983846230293 51.897470382594
0 0

0101101
*
Ed
 1e-07 1 1 0
1  188 0 0.369999999999999 1.67
3  466 467CN 83 0 0.369999999999999 1.67
0

0101000
+25 0 -10 0 *
Ed
 1e-07 1 1 0
1  189 0 0 6.28318530717959
2  468 83 0 0 6.28318530717959
2  469 84 0 0 6.28318530717959
0

0101000
+10 0 -10 0 *
Wi

0101100
+24 0 -9 0 +8 0 +9 0 *
Fa
0  1e-07 83 0

0101000
+7 0 *
Wi

0101100
+8 0 *
Fa
0  1e-07 84 0

0101000
+5 0 *
Sh

0101100
-473 0 +466 0 -439 0 -426 0 -407 0 +402 0 -397 0 -376 0 -362 0 +351 0 
-344 0 -336 0 +329 0 -311 0 +301 0 -298 0 -268 0 -263 0 +247 0 -243 0 
+240 0 +238 0 -222 0 +217 0 -208 0 -203 0 -198 0 -193 0 -187 0 -176 0 
-164 0 -159 0 +154 0 -151 0 -148 0 +144 0 -142 0 -140 0 +133 0 -130 0 
-124 0 -116 0 -113 0 -106 0 -101 0 -96 0 -93 0 +89 0 +86 0 +83 0 
+81 0 +79 0 +74 0 -65 0 +62 0 +60 0 +53 0 -44 0 -39 0 +34 0 
-32 0 -27 0 +22 0 +19 0 +17 0 +13 0 -11 0 -6 0 +4 0 *
So

0100000
+3 0 *
Co

1100000
+2 0 *

+1 0 