DBRep_DrawableShape

CASCADE Topology V3, (c) Open Cascade
Locations 0
Curve2ds 442
8 -9.0999999999999979 -6.2499999999999991
1 -7.7999999999999998 -0.79892802221442749 -1 -0 
8 -9.0999999999999979 -6.2499999999999991
1 -5.9853185595568057 7.7999999999999998 -0 -1 
1 1.2999999999999972 0 0 -1 
1 0 -0 -1.7347234759768071e-18 -1 
1 1.2999999999999972 0 0 -1 
1 0 -0 -1.7347234759768071e-18 -1 
8 2.4250000000000007 3.7249999999999979
1 -2.4250000000000007 -2.6210841500279054 1 0 
8 2.4250000000000007 3.7249999999999979
1 2.4250000000000007 -1.7971698113207899 1 0 
1 2.4250000000000007 -1.7971698113207895 1 0 
1 -2.4250000000000007 -2.6210841500279054 1 0 
1 0 0 0 -1 
1 38.000000000000007 5.5511151231257827e-17 1.7347234759768071e-18 -1 
1 0 0 0 -1 
1 18.999999999999996 -0.77500000000000036 0 1 
1 0 -0.80000000000000016 1 0 
1 -1.5500000000000007 -0.80000000000000016 1 0 
1 0 0 0 -1 
1 38.000000000000007 5.5511151231257827e-17 0 -1 
1 -1.5500000000000007 -0 0 -1 
8 -2.4494050892261146 5.4125956923002896
1 3.0183285236899602 -0.35579391762836693 -0.98939391699795887 -0.14525727867283056 
8 -2.4494050892261146 5.4125956923002896
1 -2.9346342245972323 16.899999999999999 -1 0 
8 -25.024999999999999 8.7749999999999986
1 13.558244980765901 -8.125 0 1 
8 -25.024999999999999 8.7749999999999986
1 -0.48522913537113738 8.1249999999999982 0 1 
8 -21.84916875792079 -16.349079333735112
1 16.382565339451332 2.3748227728245754 -0.98939391699795887 0.14525727867283056 
8 -21.84916875792079 -16.349079333735112
1 15.863850198363986 14.050000000000001 1 0 
1 -19.000000000000004 0.64999999999999858 1 0 
1 38.000000000000007 -1.6653345369377348e-16 -1 5.2041704279304213e-18 
1 38.000000000000007 -5.5511151231257827e-17 -1.7347234759768071e-18 -1 
1 0 -0 0 -1 
1 1.1499999999999961 1.5612511283791264e-17 -1.7347234759768071e-18 -1 
1 0 -0 0 -1 
1 0 -0 0 -1 
1 38.000000000000007 -5.5511151231257827e-17 -1.7347234759768071e-18 -1 
8 1.5241463420374082 2.2266225043005994
1 0.022954610661458621 -0.18272650708461544 0.5061681480186766 -0.86243481256924182 
8 1.5241463420374082 2.2266225043005994
1 3.6495111603790367 -3.2321616652412994 -0.68858949526860802 -0.72515136834024085 
1 36.872954610661466 -0.18272650708461541 0.5061681480186766 -0.86243481256924182 
1 36.872954610661466 -0.18272650708461541 0.5061681480186766 -0.86243481256924182 
1 37.644428941919983 -1.4972033719077444 -0.99992082337131782 -0.012583599978784346 
8 -13.758319546104172 -9.9824850062731763
1 29.03230894984717 7.0672468086507845 -0.5061681480186766 0.86243481256924182 
8 -13.758319546104172 -9.9824850062731763
1 -6.8738343119960943 5.3325973671459472 -0.68858949526860802 0.72515136834024085 
1 29.03230894984717 7.0672468086507845 -0.5061681480186766 0.86243481256924182 
1 35.996332074347876 -4.7984069303613026 0.99992082337131782 0.012583599978783595 
1 0 -4.6442668777737728 0.73042204564597768 -0.68299607263464213 
8 -2.9124800623489153 -1.3056348210054793
1 1.8493001396676705 -2.7562055309960503 0.53560163103580039 0.84447077677785287 
8 -2.9124800623489153 -1.3056348210054793
1 -1.2180319826854247 -0.96933673285168576 -0.35317309230674476 -0.93555799759848757 
1 38.699300139667685 -2.7562055309960503 0.53560163103580039 0.84447077677785287 
1 38.699300139667685 -2.7562055309960503 0.53560163103580039 0.84447077677785287 
1 1.1499999999999961 1.5612511283791264e-17 -1.7347234759768071e-18 -1 
1 0 -0 0 -1 
1 0 -0 0 -1 
1 38.000000000000007 -5.5511151231257827e-17 -1.7347234759768071e-18 -1 
1 -19.000000000000004 0.64999999999999858 1 0 
1 38.000000000000007 -5.9000000000000012 -1 1.7347234759768071e-18 
1 0 -0 -1.7347234759768071e-18 -1 
1 1.0999999999999883 3.0750000000000028 -1 0 
1 0 0 1 0 
1 1.0999999999999883 3.0750000000000028 -1 0 
1 0.26105199610542285 -4.3991930291610641 -0.98939391699795887 -0.14525727867283056 
1 2.200000000000006 -9.4368957093138306e-16 0 -1 
1 0 0 0 -1 
1 -1.9156146212900922 -4.7187590422412908 -0.14525727867283056 0.98939391699795887 
1 1.0999999999999883 3.0750000000000028 -1 0 
1 9.9920072216264089e-16 -2.899999999999999 1 0 
1 1.0999999999999883 3.0750000000000028 -1 0 
1 -0.16019411204578657 -1.5299506698669847 -0.98939391699795887 -0.14525727867283056 
1 6.1499999999999986 0 0 -1 
1 0 0 0 -1 
1 6.1499999999999986 0 0 -1 
1 0.26105199610542285 -4.3991930291610641 -0.14525727867283056 0.98939391699795887 
1 1.0999999999999814 -19.574999999999996 3.2709717096491627e-16 1 
1 -16.5 -1.3204683208360962e-15 1 6.4811516784237865e-17 
8 0.5646610321346982 2.3618308434554902
1 37.656926878994106 -4.9578652195209232 0.14525727867283056 0.98939391699795887 
8 0.5646610321346982 2.3618308434554902
1 4.8500000000000014 0.5646610321346982 0 -1 
1 4.8500000000000014 0.56466103213469776 0 -1 
1 1.0999999999999883 3.0750000000000028 -3.0832338190291239e-16 -1 
1 6.1499999999999986 -2.899999999999999 -1 -6.1091650478740784e-17 
1 0 0 0 -1 
1 -16.5 -1.3204683208360962e-15 0 -1 
1 13.500000000000005 6.6613381477509392e-16 0 -1 
8 -17.5 3.5
1 -13 -1.7971698113207981 -1 0 
8 -17.5 3.5
1 13 -1.7210841500278984 -1 0 
8 -1.7500000000000011 0.047169811320834143
1 4.5 -1.7500000000000011 0 -1 
8 -1.7500000000000011 0.047169811320834143
1 0.0068517584279747124 -1.7677536744146365 -0.14525727867283056 0.98939391699795887 
1 18.999999999999996 0.7749999999999968 -1 0 
1 -1.4190038033490282e-15 -0.80000000000000027 1 0 
1 38.000000000000007 -0.80000000000000027 -1 0 
8 -18.70270061387647 -18.438850198363994
1 19.495661781196642 -1.7208158274907375 -0.98939391699795887 0.14525727867283014 
8 -18.70270061387647 -18.438850198363994
1 19.538850198363981 1.7750000000000057 1 0 
1 19.538850198363981 1.7750000000000057 1 0 
1 -19 -0.64999999999999858 1 0 
1 -1.8041124150158794e-16 -5.9000000000000012 1 0 
1 -19.000000000000004 -0.64999999999999858 1 0 
8 1.1176481943295099e-17 5.9000000000000004
1 1.1499999999999952 -3.4694469519536142e-18 1.7347234759768071e-18 -1 
8 1.1176481943295099e-17 5.9000000000000004
1 32.5 1.1176481943295099e-17 0 -1 
8 0.15819940426849421 3.8223338249736445
1 -0.084731858955097633 -2.0017274260115903 0.53560163103580039 -0.84447077677785287 
8 0.15819940426849421 3.8223338249736445
1 0.16484698980222967 -1.820557697120327 0.35317309230674476 0.93555799759848757 
8 1.9935569232770012 4.0095625117963438
1 3.3778778242268404 -0.80327198893384244 -0.5061681480186766 -0.86243481256924182 
8 1.9935569232770012 4.0095625117963438
1 -1.3727423555885494 -2.7060011009340657 0.68858949526860802 -0.72515136834024085 
8 -1.4084819137634899 0.7319538364116086
1 1.6369069256274194 -2.5133742661260179 0.99992082337131782 -0.012583599978784152 
8 -1.4084819137634899 0.7319538364116086
1 2.0653647814898117 -4.6515532273315294 0.73042204564597801 0.6829960726346419 
1 -19.000000000000004 -0.77500000000000036 1 0 
1 -3.5561831257524545e-16 -0.80000000000000027 1 0 
8 -16.637499999999999 -15.087499999999999
1 -17.850000000000012 -15.862500000000001 0 -1 
8 -16.637499999999999 -15.087499999999999
1 15.862500000000001 -0.80000000000000027 -1 -0 
1 -19.000000000000004 -0.77500000000000036 1 0 
1 0 0 1 0 
1 -19 -2.1999999999999993 1 0 
8 1.1176481943295099e-17 0.80000000000000027
1 1.1499999999999952 -3.4694469519536142e-18 1.7347234759768071e-18 -1 
8 1.1176481943295099e-17 0.80000000000000027
1 30.949999999999999 1.1176481943295099e-17 0 -1 
1 0.57500000000000107 -16.899999999999999 0 1 
1 0 0 1 0 
1 -17.850000000000005 -33.149999999999999 0 1 
1 10.004593977083891 0.7749999999999968 -1 0 
1 0 -0 1 0 
1 1.00918795416778 -30.300000000000001 -1 0 
1 1.00918795416778 -30.300000000000001 0 -1 
1 2.8499999999999979 0 -1 -0 
1 1.00918795416778 -33.149999999999999 -1 0 
1 20.009187954167782 -5.5511151231257827e-17 -1 -1.7347234759768071e-18 
1 33.799999999999997 -1.1101351209089813e-16 -1 -0 
1 -19.000000000000004 -33.149999999999999 0 1 
8 0.26646463625349198 0.75023309136866323
1 -0.16468043019278156 -2.3125277753179367 0.6180198337317766 0.78616250553822997 
8 0.26646463625349198 0.75023309136866323
1 1.8498456108635219 -4.8429404538317851 0.99989509629328777 -0.014484350473423214 
1 -0.16468043019278156 -2.3125277753179367 0.6180198337317766 0.78616250553822997 
1 -0.16468043019278156 -2.3125277753179367 0.6180198337317766 0.78616250553822997 
8 2.4035770032174386 3.4512541147635174
1 -1.6061218558273396 -0.25719371873853314 0.7926104940562011 -0.60972830401088074 
8 2.4035770032174386 3.4512541147635174
1 -1.6550555055262364 -3.1108286982694855 0.6885801883238073 -0.72516020591863029 
1 -1.6061218558273396 -0.25719371873853319 0.7926104940562011 -0.60972830401088074 
1 -1.6061218558273396 -0.25719371873853319 0.7926104940562011 -0.60972830401088074 
8 -1.8241274391072686 0.42762973782661323
1 1.0984794079906095 -2.4024848356524635 0.60219444345851614 0.79834945498051679 
8 -1.8241274391072686 0.42762973782661323
1 0.069169749841793082 -1.3741919232740167 0.45286673927433396 -0.89157821668041692 
1 1.0984794079906095 -2.4024848356524635 0.60219444345851614 0.79834945498051679 
1 1.0984794079906095 -2.4024848356524635 0.60219444345851614 0.79834945498051679 
1 0 -5.9000000000000004 1 0 
1 -19.000000000000004 0.64999999999999858 0 -1 
1 1.2999999999999972 0 0 -1 
1 0 0 1.7347234759768071e-18 -1 
1 33.799999999999997 0 0 -1 
1 4.4419375438788372e-15 5.5131102374422644e-17 1.7347234759768071e-18 -1 
1 33.799999999999997 0 0 -1 
8 9.7494563566223071 12.001213533556193
1 26.572935895333316 5.7223863011406282 0.60219444345851603 -0.79834945498051668 
8 9.7494563566223071 12.001213533556193
1 -4.6780335447490415 -10.447860194365855 0.4528667392743338 0.89157821668041692 
1 -5.9270641046666839 5.7223863011406282 0.60219444345851603 -0.79834945498051668 
1 26.572935895333316 5.7223863011406282 0.60219444345851603 -0.79834945498051668 
8 10.839017479607229 11.886694591153304
1 24.079502627215845 -8.9703767818290725 0.7926104940562011 0.60972830401088074 
8 10.839017479607229 11.886694591153304
1 -5.5849424001239214 -13.473564990276529 0.6885801883238073 0.72516020591863029 
1 -8.420497372784153 -8.9703767818290725 0.7926104940562011 0.60972830401088074 
1 24.079502627215845 -8.9703767818290725 0.7926104940562011 0.60972830401088074 
8 10.994165723879638 11.477934178994801
1 26.706409027113356 6.9204782233178879 0.6180198337317766 -0.78616250553822997 
8 10.994165723879638 11.477934178994801
1 -10.993012395142992 -5.0130504423714921 0.99989509629328777 0.014484350473423214 
1 -5.7935909728866442 6.9204782233178879 0.6180198337317766 -0.78616250553822997 
1 26.706409027113356 6.9204782233178879 0.6180198337317766 -0.78616250553822997 
1 33.799999999999997 0 0 -1 
1 4.4419375438788372e-15 5.5131102374422644e-17 1.7347234759768071e-18 -1 
1 33.799999999999997 0 0 -1 
8 -1.9519761373657407 -0.89336402236283141
1 -1.3538669496632139 1.3931500799087786 0.58716550289571279 0.80946690618531447 
8 -1.9519761373657407 -0.89336402236283141
1 -0.4573541607213657 -0.65994637383313126 -0.51194602566568947 0.8590176172844799 
7 0 0  5 6 2  1.6421159680166399 -4.9000005999999976  1.7322790174252338 -4.5546805748070014  1.8224420668338297 -4.1630494761250674  1.9126051162424211 -3.7309494206260965  2.0027681656510161 -3.2658200996089768  2.0929312150596102 -2.775963512542841 
 3.8404649861334343 6 4.2912802331764039 6
3 3.9591819107221635 1.5847842737146873 0.85901761728448001 0.51194602566568959 -0.51194602566568959 0.85901761728448001 6.4567260090839067 2.5
1 2.6000000000000023 -6.6613381477509392e-16 3.6554202092069455e-17 -1 
1 0 0 -5.5511151231257827e-17 -1 
1 -1.7554572823249832 0.54623230399912237 0.46508653012533058 -0.88526522550927078 
1 1.1562899667714604e-16 -5.6135408428089164 1 5.5511151231257827e-17 
1 0 0 3.6554202092069455e-17 -1 
1 2.6000000000000005 -1.3322676295501878e-15 5.5511151231257827e-17 -1 
7 0 0  7 8 2  1.9486068914412837 -2.8605600128705753  2.1268630489838274 -3.1729133733482731  2.3051192065261148 -3.4555372891921934  2.4833753640698433 -3.6922236306663763  2.6616315216106159 -3.8690646927366288  2.8398876791540033 -3.9766106050042254  3.0181438366965461 -4.0112334268979488  3.1963999942390897 -3.9748199064653682 
 2.0000029884280632 8 3.2477960912258697 8
3 0.66446619421344988 0.77475690832659017 -0.63421869449643054 0.77315370241061598 -0.77315370241061598 -0.63421869449643054 3.156513579595456 2.5
1 2.6000000000000005 1.3322676295501878e-15 -5.5511151231257827e-17 -1 
1 0 0 -3.6554202092069455e-17 -1 
7 0 0  5 6 2  3.122145054982925 -3.656416727706663  3.0746958343411932 -3.8882485900928545  3.0272466136994609 -4.1296520499008196  2.9797973930577442 -4.3795398086136998  2.9323481724159977 -4.6367343053546435  2.8848989517742658 -4.9000005999999985 
 0.96269123407986579 6 1.1999373372885254 6
3 3.9591819107221569 -1.5847842737146833 -0.85901761728448001 0.51194602566568959 -0.51194602566568959 -0.85901761728448001 6.4567260090839067 2.5
8 -0.78306891001024526 2.0984699775955828
1 0.53802183945060877 -0.80135799951293762 -0.58716550289571279 -0.80946690618531447 
8 -0.78306891001024526 2.0984699775955828
1 1.7787036961171598 -0.67266998924655519 -0.51194602566568947 -0.8590176172844799 
3 3.9591819107221586 -1.5847842737146847 -0.85901761728448001 0.51194602566568959 -0.51194602566568959 -0.85901761728448001 2.840959443996919 1.1000000000000001
7 0 0  8 9 2  4.9745057460199984 -6.5081676803609376  4.724162047690692 -5.9987467569077886  4.4738183493577708 -5.6074593241319235  4.2234746510330297 -5.3829548062240065  3.9731309526978293 -5.3580882044807367  3.722787254375362 -5.5401734833685623  3.4724435560424354 -5.9064238184637361  3.2220998577148565 -6.4117594171978993  2.9717561593855506 -7.0000006000000017 
 5.3935158502223786 9 7.3962654368568268 9
8 -0.67355691729849343 -0.21563693097593256
1 2.7103944697998781 -1.2279268071964258 0.51194602566568947 0.85901761728448001 
8 -0.67355691729849343 -0.21563693097593256
1 0.19808637686202604 -0.55477796601467233 0.5871655028957129 0.80946690618531447 
1 0 0 5.5511151231257827e-17 -1 
1 2.6000000000000023 5.5511151231257827e-16 -3.6554202092069455e-17 -1 
8 0.39370431506444903 1.5667250855504256
1 -0.30439394884711429 -1.1634680931241248 0.77315370241061565 -0.63421869449643098 
8 0.39370431506444903 1.5667250855504256
1 0.4646562428176424 -0.7495548831311396 -0.99867951132469768 0.051373472339946255 
3 0.66446619421345055 -0.7747569083265895 0.63421869449643054 0.77315370241061598 -0.77315370241061598 0.63421869449643054 1.3888659750220007 1.1000000000000001
7 0 0  8 9 2  2.2386407832312383 -7.0000006000000035  1.9588106853273337 -6.8215006652147112  1.6789805874212789 -6.5930084821220589  1.3991504895229809 -6.335833901353908  1.119320391600013 -6.0795793221150234  0.839490293714789 -5.8570460002229083  0.55966019580546345 -5.694758439243742  0.27983009790390273 -5.6067876892877546  -1.7763568394002505e-15 -5.5945982902230602 
 3.9931484269615716 9 6.2317892101928072 9
8 -2.4129092619485064 -0.16232626892549057
1 0.53130355747075242 0.54604194140195972 0.99867951132469768 -0.051373472339946623 
8 -2.4129092619485064 -0.16232626892549057
1 0.73445027054364687 0.10295035436040129 -0.77315370241061598 0.63421869449643065 
1 0.54623230399912182 1.755457282324983 -0.88526522550927089 -0.46508653012533063 
1 4.4408920985006262e-16 -5.6135408428089164 1 5.5511151231257827e-17 
1 -0.54623230399912182 -1.7554572823249828 0.88526522550927089 0.46508653012533063 
1 -4.4408920985006262e-16 -5.6135408428089164 1 -5.5511151231257827e-17 
1 19 -0.64999999999999858 0 1 
1 0 -5.9000000000000004 1 0 
1 18.999999999999996 -0.64999999999999858 0 1 
1 -19.000000000000004 -33.149999999999999 1 0 
1 -1.9567680809018384e-15 -5.9000000000000012 1 6.9388939039072284e-18 
1 10.004593977083891 -0.64999999999999858 0 1 
1 0 -5.9000000000000012 1 0 
1 1.00918795416778 -33.149999999999999 0 1 
1 0 -5.9000000000000012 1 0 
1 10.004593977083891 0.64999999999999858 -1 0 
1 -1.5959455978986625e-15 -5.9000000000000021 1 0 
1 1.00918795416778 -31.850000000000001 -1 0 
1 0.57500000000000107 -16.899999999999999 0 1 
1 0 -5.9000000000000004 1 0 
1 -17.850000000000009 -33.149999999999999 0 1 
8 -2.1875 -0.88750000000000284
1 -0.88750000000000284 -4.4375192224951014 -1 -0 
8 -2.1875 -0.88750000000000284
1 0.83614958448752208 0.88750000000000284 -0 -1 
1 0.83614958448752208 0.88750000000000284 -0 -1 
8 0.16114958448753097 0.42500000000000226
1 0.67499999999998606 1.4250000000000043 1 -0 
8 0.16114958448753097 0.42500000000000226
1 -0.15944041861871239 -3.5609273725970203 0.98939391699795887 0.14525727867283014 
8 -5.0374999999999979 15.962500000000002
1 0.83614958448752208 -14.537499999999998 0 1 
8 -5.0374999999999979 15.962500000000002
1 14.537499999999998 -3.5375192224951033 1 0 
1 -6.7500000000000027 -8.75 1 0 
1 -12.400000000000025 -19.574999999999996 1 0 
1 0 0 1 0 
1 -6.7500000000000027 8.75 -0 -1 
1 -12.400000000000025 -2.0749999999999957 -0 -1 
1 0 0 1 0 
1 6.7500000000000027 8.75 -1 0 
1 0 0 1 0 
1 1.0999999999999814 -2.0749999999999957 -1 0 
1 -1.8000000000000007 2.8749999999999982 -0 -1 
1 0 0 1 0 
1 -8.2000000000000153 2.6750000000000043 -0 -1 
1 1.8000000000000007 2.8749999999999982 -1 0 
1 -4.6000000000000139 2.6750000000000043 -1 0 
1 1.8000000000000007 -2.8750000000000018 0 1 
1 0 0 1 0 
1 -4.6000000000000139 -3.0749999999999957 0 1 
1 1.0999999999999814 -2.0749999999999957 -1 0 
1 -1.100000000000017 3.0750000000000028 -0 -1 
1 0 0 1 0 
1 -1.100000000000017 3.0750000000000028 -0 -1 
1 0.09999999999997615 -3.0749999999999957 -1 0 
1 -3.1086244689504383e-15 -0.99999999999999956 1 0 
8 -11.625 3.875
1 5.7499999999999982 -3.875 0 -1 
8 -11.625 3.875
1 3.875 -0.99999999999999956 -1 0 
1 0.09999999999997615 -14.699999999999996 0 -1 
8 -11.625 3.875
1 -5.7499999999999982 3.8749999999999996 0 1 
8 -11.625 3.875
1 3.875 -1.0000000000000011 -1 0 
1 -11.400000000000018 -6.9499999999999957 0 1 
8 -8.6249999999999982 2.875000000000004
1 -2.8749999999999991 -7.7500000000000018 -1 0 
8 -8.6249999999999982 2.875000000000004
1 2.8750000000000022 -1.0000000000000013 -1 -2.7755575615628907e-17 
1 -8.5250000000000199 -18.574999999999996 -1 0 
8 -4.9960036108132044e-16 2.8999999999999981
1 2.200000000000006 -4.9960036108132044e-16 0 -1 
8 -4.9960036108132044e-16 2.8999999999999981
1 5.1499999999999986 -9.4356977639811328e-16 0 -1 
1 -1.100000000000017 3.0750000000000028 -0 -1 
1 0 -2.899999999999999 1 0 
1 -1.100000000000017 3.0750000000000028 -0 -1 
1 6.7500000000000027 8.75 -1 0 
1 9.9920072216264089e-16 -2.899999999999999 1 0 
1 1.0999999999999814 -2.0749999999999957 -1 0 
1 -6.7500000000000027 8.75 -0 -1 
1 0 -2.899999999999999 1 0 
1 -12.400000000000025 -2.0749999999999957 -0 -1 
1 -6.7500000000000027 -8.75 1 0 
1 -12.400000000000025 -19.574999999999996 1 0 
1 -9.9920072216264089e-16 -2.899999999999999 1 0 
8 -11.625 3.875
1 5.7499999999999911 -3.875 0 -1 
8 -11.625 3.875
1 3.875 -3.8999999999999999 -1 0 
1 0.099999999999968975 -14.699999999999996 0 -1 
8 -8.6249999999999982 2.8750000000000036
1 -2.8749999999999991 -7.7500000000000018 -1 0 
8 -8.6249999999999982 2.8750000000000036
1 2.8750000000000018 -3.9000000000000004 -1 -2.7755575615628907e-17 
1 -8.5250000000000199 -18.574999999999996 -1 0 
8 -11.625 3.875
1 -5.7500000000000053 3.8749999999999996 0 1 
8 -11.625 3.875
1 3.875 -3.9000000000000012 -1 0 
1 -11.400000000000025 -6.9499999999999957 0 1 
1 -11.400000000000018 -3.0749999999999957 1 0 
1 11.499999999999993 -3.8999999999999981 -1 0 
8 -1.0089989955941725 0.80743607687296226
1 13.353435551716377 -0.79887234282280439 -0.14525727867283056 0.98939391699795876 
8 -1.0089989955941725 0.80743607687296226
1 9.5 -2.7300831456221388 0 -1 
1 17.5 0 0 -1 
1 0 0 0 -1 
1 0 -0 1.7347234759768071e-18 -1 
1 30.5 0 0 -1 
8 -5.9000000000000004 9.9837030147603028e-17
1 18.859187954167787 -8.3266726846886741e-17 1.7347234759768071e-18 1 
8 -5.9000000000000004 9.9837030147603028e-17
1 1.2999999999999972 -9.9837030147603028e-17 -0 1 
8 -1.8124999999999982 -0.26249999999999751
1 -8.8545939770838942 -1.0374999999999996 0 -1 
8 -1.8124999999999982 -0.26249999999999751
1 1.0375000000000014 -0.80000000000000027 -1 -0 
8 -0.80000000000000016 9.9837030147603028e-17
1 18.859187954167787 -8.3266726846886741e-17 1.7347234759768071e-18 1 
8 -0.80000000000000016 9.9837030147603028e-17
1 2.8499999999999979 -9.9837030147603028e-17 -0 1 
8 8.8518195701339657 11.359923529172921
1 24.796005399101585 -8.4336678466340338 0.7926104940562011 0.60972830401088074 
8 8.8518195701339657 11.359923529172921
1 8.4025326432741121 -12.032528145041825 -0.6885801883238073 0.72516020591863029 
8 9.5755054502424155 12.881840117396077
1 25.701229260075856 5.0648585871763556 0.60219444345851614 -0.79834945498051679 
8 9.5755054502424155 12.881840117396077
1 6.0918852124798786 -9.7297107571052646 -0.45286673927433396 0.89157821668041692 
8 -2.7047540229471561 0.6015806442065047
1 1.9701860432480718 -3.0600125496167365 0.60219444345851603 0.79834945498051668 
8 -2.7047540229471561 0.6015806442065047
1 -1.4830214175726297 -0.65604248601342652 -0.4528667392743338 -0.89157821668041692 
8 1.1400395755559256 3.6481435345948796
1 -0.90360733122500392 -0.81208654258913227 0.7926104940562011 -0.60972830401088074 
8 1.1400395755559256 3.6481435345948796
1 2.8046943054207198 -2.9680523260413763 -0.6885801883238073 -0.72516020591863029 
1 1.7554572823249832 -0.54623230399912237 -0.46508653012533058 0.88526522550927078 
1 -1.1562899667714604e-16 -5.6135408428089164 1 -5.5511151231257827e-17 
8 -1.3133337013220983 -0.69761806488175515
1 -0.69754488216087973 -5.4235297081185694 -0.99989509629328777 -0.01448435047342321 
8 -1.3133337013220983 -0.69761806488175515
1 0.81166627572542183 -1.6251778226275888 0.6180198337317766 0.78616250553822997 
8 11.661035574033811 12.555111144192825
1 -8.0296666002332238 3.6998491033751808 0.68858949526860802 -0.72515136834024085 
8 11.661035574033811 12.555111144192825
1 30.145002643975271 8.1702933905611861 0.5061681480186766 -0.86243481256924182 
8 -19.13768798289432 -18.685099572933701
1 16.248008653161023 8.0056828257012853 0.73042204564597801 0.6829960726346419 
8 -19.13768798289432 -18.685099572933701
1 17.36382727472094 -2.1217154576834742 -0.99992082337131782 -0.012583599978784152 
8 -3.6714168538472443 -3.1913267236856164
1 0.071935091362665737 -2.751059761821228 -0.6885801883238073 0.72516020591863029 
8 -3.6714168538472443 -3.1913267236856164
1 -2.5294790511552137 0.064947783189484021 -0.7926104940562011 0.60972830401088074 
1 10.004593977083891 0.7749999999999968 -1 0 
1 -1.4190038033490282e-15 -0.80000000000000027 1 0 
1 1.5499999999999972 0 0 -1 
1 0 -0 0 -1 
1 2.8499999999999979 0 0 -1 
1 0 0 0 -1 
1 20.009187954167782 -5.5511151231257827e-17 1.7347234759768071e-18 -1 
1 0 0 0 -1 
1 1.2999999999999972 0 0 -1 
1 0 -0 -1.7347234759768071e-18 -1 
1 1.2999999999999972 0 0 -1 
1 10.004593977083891 -0.77500000000000036 0 1 
1 0 -0.80000000000000016 1 0 
1 1.3000000000000007 -0.80000000000000016 1 0 
8 -2.8307421630390541 -2.1282660007758603
1 1.4328315181838602 0.33828731756887465 0.5061681480186766 0.86243481256924182 
8 -2.8307421630390541 -2.1282660007758603
1 -1.4655016112715888 -2.7940834680658702 -0.68858949526860802 0.72515136834024085 
1 1.4328315181838558 0.33828731756887459 0.5061681480186766 0.86243481256924182 
1 3.9148751019033381 -1.5419957767096892 -0.99992082337131782 0.012583599978784346 
8 -0.52987614993087129 3.2459583899001245
1 3.6466686724135591 -1.9989794147602313 -0.5061681480186766 -0.86243481256924182 
8 -0.52987614993087129 3.2459583899001245
1 2.2351328493642302 -2.290455709762214 -0.68858949526860802 -0.72515136834024085 
1 1.5634214592166751 -5.6135408428089164 0.73042204564597824 0.68299607263464157 
1 0.58463015951729891 -4.7805489128198495 0.99992082337131782 -0.012583599978784847 
8 1.6136057588510633 3.2204510001945001
1 -0.86424987628938965 -2.4961330738885836 0.53560163103580039 -0.84447077677785309 
8 1.6136057588510633 3.2204510001945001
1 1.3267990311449578 -1.2574614067810299 -0.35317309230674476 0.93555799759848757 
1 -0.86424987628939409 -2.4961330738885836 0.53560163103580039 -0.84447077677785309 
1 1.7554572823249828 0.54623230399912226 -0.88526522550927078 0.46508653012533052 
1 -4.4408920985006262e-16 -5.6135408428089164 1 -5.5511151231257827e-17 
1 0.54623230399912193 -1.7554572823249828 0.46508653012533047 0.88526522550927078 
1 -1.1562899667714604e-16 -5.6135408428089164 1 -5.5511151231257827e-17 
1 -1.7554572823249828 -0.54623230399912248 0.88526522550927078 -0.46508653012533052 
1 4.4408920985006262e-16 -5.6135408428089164 1 5.5511151231257827e-17 
1 2.6000000000000005 -1.3322676295501878e-15 5.5511151231257827e-17 -1 
1 0 0 -3.6554202092069455e-17 -1 
7 0 0  5 6 2  1.0486614385301831 -2.7759635125428437  1.138824487938777 -3.2658200996089795  1.2289875373473755 -3.7309494206261036  1.3191505867559652 -4.1630494761250745  1.4093136361645595 -4.5546805748070058  1.4994766855731534 -4.900000600000002 
 1.9919050740031821 6 2.4427203210461519 6
3 -1.3591819107221581 1.584784273714686 -0.85901761728448001 0.51194602566568959 -0.51194602566568959 -0.85901761728448001 6.4567260090839067 2.5
8 0.22783418899743299 1.2864463040003453
1 -1.7446431089633061 -0.85442570472046242 -0.58716550289571279 0.80946690618531447 
8 0.22783418899743299 1.2864463040003453
1 2.7166388075680037 -1.2316482255224104 -0.51194602566568947 -0.8590176172844799 
1 2.6000000000000023 6.6613381477509392e-16 -3.6554202092069455e-17 -1 
1 0 0 -5.5511151231257827e-17 -1 
2 -1.8101099897547839e-15 0 0 1 1 -0 1.1000000000000001
1 6.2831853071795862 -6.0000000000000036 -1 0 
1 0 -4.9000000000000004 1 0 
2 0 0 0 1 -1 0 2.5
1 0 0 1 0 
2 0 0 0 1 -1 0 2.5
1 0 0 0 -1 
1 6.2831853071795862 0 0 -1 
2 0 0 0 1 1 -0 1.1000000000000001
1 6.2831853071795862 -1.100000000000003 -1 0 
1 0 0 0 -1 
1 6.2831853071795862 0 0 -1 
1 0 -7.0000000000000009 1 0 
2 0 0 0 1 -1 0 1.1000000000000014
1 -10.004593977083891 -0.77500000000000036 1 0 
1 -3.5561831257524545e-16 -0.80000000000000027 1 0 
1 20.009187954167782 -0.80000000000000027 -1 0 
8 10.221396669989616 12.361832420164713
1 7.4197977715050119 -2.6512068473259838 0.99992082337131782 0.012583599978784152 
8 10.221396669989616 12.361832420164713
1 -7.4659334650528013 2.8295421507311693 0.73042204564597801 -0.6829960726346419 
8 -8.1784029730065093 -6.1623973844871722
1 14.52117587430487 2.7920811528610239 -0.5061681480186766 0.86243481256924182 
8 -8.1784029730065093 -6.1623973844871722
1 6.8433621046286142 0.31703926390464582 0.68858949526860802 0.72515136834024085 
8 1.5361430270034344 5.2002774477085785
1 17.223910871336379 -6.5268045355468169 0.53560163103580039 0.84447077677785309 
8 1.5361430270034344 5.2002774477085785
1 -2.057316829669086 3.1926081766931951 0.35317309230674476 -0.93555799759848757 
1 13.500000000000005 -6.6613381477509392e-16 0 -1 
1 0 0 0 -1 
8 -0.36999999999999933 -8.8817841970012523e-16
1 5.6999999999999957 8.8817841970012523e-16 -2.7755575615628907e-17 1 
8 -0.36999999999999933 -8.8817841970012523e-16
1 1 -8.8031221389073071e-16 0 1 
8 1.949999999999994 5.5499999999999954
1 3.7500000000000044 -0.36999999999999844 1 -8.3266726846886728e-17 
8 1.949999999999994 5.5499999999999954
1 3.7499999999999947 -1.8750000000000018 -1 0 
8 6.6613381477509392e-16 0.36999999999999889
1 9.2999999999999972 6.6613381477509392e-16 2.7755575615628907e-17 -1 
8 6.6613381477509392e-16 0.36999999999999889
1 4.75 -8.8031221389073071e-16 0 -1 
1 -1.8000000000000007 2.8749999999999982 -0 -1 
1 0 -0.36999999999999977 1 0 
1 0 0 0 -1 
1 5.75 0 0 -1 
1 1.8000000000000007 2.8749999999999982 -1 0 
1 1.8000000000000007 -2.8750000000000018 0 1 
1 0 -0.37000000000000022 1 0 
1 11.499999999999996 1.5543122344752192e-15 0 -1 
1 0 0 0 -1 
1 11.499999999999996 1.5543122344752192e-15 0 -1 
1 15.5 0 0 -1 
1 0 0 0 -1 
1 1.1999999999999904 0.99999999999999867 0 -1 
1 0 0 0 -1 
1 0 0 0 -1 
1 11.499999999999996 -1.5543122344752192e-15 0 -1 
1 15.5 0 0 -1 
1 0 0 0 -1 
1 -0.54623230399912193 1.7554572823249828 -0.46508653012533047 -0.88526522550927078 
1 1.1562899667714604e-16 -5.6135408428089164 1 5.5511151231257827e-17 
1 -0 0 5.5511151231257827e-17 -1 
1 2.6000000000000023 -6.6613381477509392e-16 3.6554202092069455e-17 -1 
8 -9.7911375554923961 -9.31104742533077
1 -6.4114027896261625 -12.16542623184122 -0.6885801883238073 -0.72516020591863029 
8 -9.7911375554923961 -9.31104742533077
1 22.739441624768947 -7.85082814363557 -0.7926104940562011 -0.60972830401088074 
8 1.3860932057469304 1.838681615707549
1 -1.0124330347976638 -3.8094705835689457 0.73042204564597801 -0.6829960726346419 
8 1.3860932057469304 1.838681615707549
1 1.8385360350959969 -1.9040316815283558 -0.99992082337131782 0.012583599978784152 
1 0 -0 0 -1 
1 36.5 -1.1102230246251565e-16 1.7347234759768071e-18 -1 
7 0 0  7 8 2  0 -3.9831328730798736  0.17042653744978745 -4.0000051002874031  0.34085307489945649 -3.9516626467167271  0.51127961234954 -3.8373072184899684  0.68170614979896982 -3.6607706114559733  0.85213268724899649 -3.4306523961170114  1.0225592246987238 -3.1591937454770558  1.1929857621485112 -2.8605600128705713 
 3.0901965566030136 8 4.2831823187515257 8
3 1.9355338057865508 0.77475690832658883 0.63421869449643054 0.77315370241061598 -0.77315370241061598 0.63421869449643054 3.156513579595456 2.5
8 0.88116676434132579 1.3390867506638866
1 -0.45110982295323693 -0.65622495550714821 0.51194602566568947 -0.85901761728448001 
8 0.88116676434132579 1.3390867506638866
1 0.58886253616211837 0.016053590826356157 -0.5871655028957129 0.80946690618531447 
3 -1.3591819107221543 -1.5847842737146842 0.85901761728448001 0.51194602566568959 -0.51194602566568959 0.85901761728448001 2.840959443996919 1.1000000000000001
7 0 0  5 6 2  0.16983649420424424 -7.0000006000000035  0.13586919536339565 -6.920186471743218  0.10190189652253789 -6.842041709742233  0.06793459768170218 -6.7657581697744007  0.033967298840848585 -6.6915196543489301  0 -6.6194992724340089 
 5.1701051775023439 6 5.3399416717065868 6
3 -1.3591819107221543 -1.5847842737146842 0.85901761728448001 0.51194602566568959 -0.51194602566568959 0.85901761728448001 2.840959443996919 1.1000000000000001
7 0 0  8 9 2  6.2831853071795862 -6.6194992724340089  6.0540711706258099 -6.1337118186236808  5.8249570340709838 -5.7401924045998385  5.5958428975220826 -5.4777996785014693  5.3667287609616992 -5.3750555498554604  5.1376146244145033 -5.4436387120731524  4.9085004878567347 -5.6746724320109934  4.6793863513031564 -6.0419464980491435  4.4502722147493801 -6.5081676803609341 
 5.3399416717065868 9 7.1728547641367948 9
8 -2.7639998109609802 0.117539076644849
1 0.92879799875070124 0.26263362432462145 0.58716550289571279 -0.80946690618531447 
8 -2.7639998109609802 0.117539076644849
1 0.48058095072947865 -0.10096813755727591 -0.51194602566568947 0.8590176172844799 
7 0 0  5 6 2  0.25669370181552792 -4.9000006000000003  0.2092444811737959 -4.6367343053546444  0.16179526053206716 -4.3795398086136998  0.11434603989032954 -4.1296520499008267  0.066896819248600803 -3.8882485900928545  0.019447598606868781 -3.6564167277066622 
 5.08324796989106 6 5.3204940730997201 6
3 -1.3591819107221514 -1.5847842737146824 0.85901761728448001 0.51194602566568959 -0.51194602566568959 0.85901761728448001 6.4567260090839067 2.5
1 0 0 3.6554202092069455e-17 -1 
1 2.6000000000000005 1.3322676295501878e-15 -5.5511151231257827e-17 -1 
3 1.9355338057865503 -0.77475690832658817 -0.63421869449643054 0.77315370241061598 -0.77315370241061598 -0.63421869449643054 1.3888659750220007 1.1000000000000001
7 0 0  8 16 3  4.8516277215375023 -6.5157738277542405  4.6048354808388181 -6.3073234376125704  4.3580432401331564 -6.0936949068182003  4.1112509994673019 -5.894237026481278  3.8644587587077694 -5.728957425995759  3.6176665180664713 -5.6148114302923204  3.3708742773378617 -5.5615458957672672  3.1240820366467155 -5.5704122287302464  2.630497555249347 -5.7003529934420678  2.3837053145507734 -5.8214289977838725  2.1369130738517015 -5.9925675845722992  1.8901208331533326 -6.200492424110962  1.6433285924548997 -6.4256809160721957  1.3965363517557452 -6.6462669921864741  1.1497441110572424 -6.8425750792993689  0.90295187035855851 -7.0000006000000017 
 4.624546336218657 9 6.5988842618081316 7 8.5732221873976009 9
8 -0.56162527241662308 0.61139549806935034
1 2.1272973070305006 -1.8009211844484527 0.77315370241061565 0.63421869449643098 
8 -0.56162527241662308 0.61139549806935034
1 -0.53911634739536818 0.69791941568222526 0.99867951132469768 0.051373472339946255 
8 -0.84277354420831596 1.4078094488147079
1 -0.47246903274225804 -0.59767740885087051 -0.99867951132469768 -0.051373472339946623 
8 -0.84277354420831596 1.4078094488147079
1 1.0884530876397394 -0.53450273696392658 -0.77315370241061598 -0.63421869449643065 
1 0 0 1 0 
2 0 0 0 1 -1 0 2.5
1 0 0 0 -1 
1 6.2831853071795862 0 0 -1 
1 0 -4.9000000000000004 1 0 
2 0 0 0 1 -1 0 2.5
2 -1.8101099897547839e-15 0 0 1 1 -0 1.1000000000000001
1 6.2831853071795862 -6.0000000000000036 -1 0 
8 -2.422376099002796 -1.5283005288437721
1 3.6523716897752823 -3.6479175796734875 0.68858949526860802 0.72515136834024085 
8 -2.422376099002796 -1.5283005288437721
1 1.2261296238369515 -0.56853005895107456 0.5061681480186766 0.86243481256924182 
8 8.8225569041100744 9.4382725405504058
1 11.421631385188153 -5.5412141698410746 -0.99989509629328777 0.01448435047342321 
8 8.8225569041100744 9.4382725405504058
1 24.666960373773847 4.7623444525650278 0.6180198337317766 -0.78616250553822997 
2 5.8973111024882043e-17 1.0749999999999975 0 1 1 -0 1.6000000000000001
1 6.2831853071795862 -0.36999999999999844 -1 0 
1 0 0 -1.7347234759768071e-18 -1 
1 30.5 0 0 -1 
1 0 -7.0000000000000009 1 0 
2 0 -3.5527136788005009e-15 0 1 -1 0 1.1000000000000014
2 0 0 0 1 1 -0 1.1000000000000001
1 6.2831853071795862 -1.100000000000003 -1 0 
1 0 0 0 -1 
1 6.2831853071795862 0 0 -1 
1 0 0 0 -1 
1 6.2831853071795862 0 0 -1 
1 0 -1.6699999999999999 1 0 
2 1.432088786635122e-14 -1.7763568394002505e-15 0 1 -1 0 1.6000000000000014
Curves 180
1 7.8000000000000016 -0.24064159652052464 44.510971154396216 -1 0 0 
1 16.899999999999999 -1.0395063623075933 44.500917763752824 0 0.99992082337131771 0.012583599978784221 
1 13.175000000000001 1.5813702591138201 44.53390043820751 1 0 0 
1 15.600000000000001 -1.0395063623075933 44.500917763752824 0 0.99992082337131771 0.012583599978784221 
1 14.050000000000001 -0.23956970361053898 44.510984643735853 1 0 0 
1 14.050000000000001 -1.0395063623075933 44.500917763752824 0 0.9999208233713176 0.012583599978784218 
1 16.899999999999999 -0.64575917649546111 41.487305389473946 0 0.13279564041826891 0.9911434396119978 
1 8.125 -0.97102949396301008 39.059593604335262 1 -0 0 
1 14.050000000000002 -3.1421159543354484 22.855310879007604 0 -0.13279564041826891 -0.9911434396119978 
8 0 38
1 16.899999999999999 -0.56132956311379278 6.5039264756427473 0 -0.012583599978784225 0.99992082337131771 
1 16.899999999999999 -0.5613295631137929 6.5039264756427499 0 0.99992082337131771 0.012583599978784221 
1 16.899999999999999 -0.39279981203534858 7.6331819865976609 0 0.86873594538499332 -0.49527553664202101 
8 0 3.5595858798327846
1 16.899999999999999 0.93128090131959973 6.8783095891241111 0 1.2475867273384176e-16 1 
1 16.899999999999999 -7.7408626478966482 15.381976087459769 0 -0.86873594538499332 0.49527553664202101 
8 0 1.4191501296576874
1 16.899999999999999 4.2114840898969907 8.5678169909706199 0 6.2585233312444708e-16 -1 
1 16.899999999999999 2.2034574540430429 5.8393646920639384 -0 -0.83766411775578808 -0.54618570635308406 
8 0 38
1 16.899999999999999 5.3382032947769824 6.5781697155175749 0 -0.012583599978784221 0.99992082337131771 
1 16.899999999999999 3.3626233274731523 44.295244122172782 0 0.13279564041826891 0.9911434396119978 
1 16.899999999999999 3.6547737363933437 46.475759689319183 0 -0.9911434396119978 0.13279564041826891 
1 16.899999999999999 0.48830735259836011 44.680351479385763 0 0.13279564041826891 0.9911434396119978 
1 16.899999999999999 3.3626233274731523 44.295244122172782 0 -0.9911434396119978 0.13279564041826891 
8 0 21.350000000000001
1 -5.75 3.3626233274731518 44.29524412217279 1 2.0800431374710191e-17 -3.3280690199536306e-16 
1 15.600000000000001 3.922283405077998 44.220259598791216 0 -0.9911434396119978 0.13279564041826891 
8 0 22.649999999999999
1 16.899999999999999 0.48830735259836011 44.680351479385763 -1 -1.9606587631349344e-17 3.1370540210158951e-16 
1 -5.75 3.3626233274731518 44.29524412217279 0 -0.9911434396119978 0.13279564041826891 
1 -2.25 1.581370259113811 44.533900438207503 -1 0 -0 
1 15.25 1.6281223081521545 44.527636492904747 0 -0.9911434396119978 0.13279564041826891 
1 15.599999999999998 -0.23956970361053898 44.510984643735853 0 0.012583599978784221 -0.99992082337131782 
1 15.600000000000001 0.91402440680489017 26.019698714075925 0 -0.1327956404182685 -0.9911434396119978 
1 15.600000000000001 5.3382032947769824 6.5781697155175767 0 -0.012583599978784221 0.99992082337131782 
1 15.600000000000001 -0.57580070308939468 7.6538354225197605 0 0.99992082337131771 0.012583599978784221 
1 15.600000000000001 1.4413056046872146 6.4443902626660776 0 0.83766411775578808 0.54618570635308406 
1 15.600000000000001 0.19937296213477423 9.8916449042742727 -0 0.86873594538499332 -0.49527553664202101 
1 15.600000000000001 1.9312475205566186 8.1723310928602313 0 -7.0033790488605194e-17 1 
1 14.050000000000001 0.23860709558326143 6.513993355625777 0 -0.012583599978784221 0.99992082337131782 
1 -1.0374999999999988 0.22413595560765975 7.6639023025027875 -1 0 0 
1 14.050000000000001 -0.5613295631137929 6.5039264756427499 0 -0.012583599978784221 0.99992082337131782 
1 14.050000000000001 -0.57580070308939468 7.6538354225197605 0 0.99992082337131771 0.012583599978784221 
1 -16.899999999999999 -0.57580070308939468 7.6538354225197613 1 0 0 
1 -14.050000000000001 -0.81311718022934798 26.511530169765649 0 0.012583599978784221 -0.99992082337131782 
8 0 2.8499999999999979
1 -14.050000000000001 -0.81311718022934798 26.511530169765649 -1 0 0 
8 0 20.009187954167786
1 -16.899999999999999 -0.81311718022934798 26.511530169765649 0 0.012583599978784219 -0.9999208233713176 
8 0 33.799999999999997
1 -16.899999999999999 -0.56132956311379278 6.5039264756427473 1 0 0 
1 17.06468043019278 1.7510151140511596 6.5330264001071736 -0.6180198337317766 -0.78610025984144494 -0.0098927544880118186 
1 18.506121855827338 -0.30415620810682764 6.5071628985164072 -0.79261049405620099 0.60968002777935681 0.0076725770734154559 
1 15.801520592009389 1.8409650518889233 6.5341583837696913 -0.60219444345851614 -0.798286244362161 -0.010046110184755224 
8 0 33.799999999999997
1 16.899999999999999 5.3382032947769824 6.5781697155175749 -1 0 0 
1 -16.899999999999999 -0.5613295631137929 6.5039264756427499 0 0.99992082337131771 0.012583599978784221 
1 -9.6729358953333175 -6.2832627849990788 6.4319182555051171 -0.60219444345851614 0.79828624436216111 0.010046110184755225 
1 -7.1795026272158484 8.4083369745236851 6.6168061087242549 -0.79261049405620099 -0.60968002777935681 -0.0076725770734154559 
1 -9.8064090271133573 -7.481259846297089 6.416841946018625 -0.6180198337317766 0.78610025984144494 0.0098927544880118186 
1 20.893150079908779 1.716938322697958 9.3899949286002098 0.80946690618531447 0.023233544093598981 0.58670565892926763 
3 19.5 -2.7834188130804205 10.923137144997986 -0.54136578948337111 0.41642132175405155 0.73042204564597801 -0.22734645316745475 -0.90887484573920274 0.34965712493057949 0.80946690618531447 0.02323354409359904 0.58670565892926763 6.4567260090839067 2.5
1 19.411168160092686 -1.0003224335908107 9.8407357100777126 -0.5789572198736791 0.44533684141534408 -0.68299607263464179 
1 17.746382892564078 3.5604420593913337 6.0067093608650648 -0.60969797402745796 -0.79263382495753576 -0 
1 20.996382892564078 1.0605255112987824 9.8407357100777126 -0.5789572198736791 0.44533684141534408 -0.68299607263464179 
3 19.5 -1.0686523371544427 10.855232392551317 0.60969797402745796 0.79263382495753576 6.2450045135165055e-17 0.79096722233386507 -0.60841601480345531 0.064813626068378913 0.051373472339946664 -0.039516736503263816 -0.99789738644605563 3.156513579595456 2.5
1 18.003617107435922 0.082373002969723386 11.739833028757257 -0.5789572198736791 0.44533684141534408 -0.68299607263464179 
3 19.5 3.9263173273489178 10.657431593836984 0.54136578948337111 -0.41642132175405155 -0.73042204564597801 -0.22734645316745475 -0.90887484573920274 0.34965712493057949 -0.80946690618531447 -0.02323354409359904 -0.58670565892926763 6.4567260090839067 2.5
1 18.698642000487062 1.7917984454151279 11.280402067922672 -0.80946690618531447 -0.023233544093598981 -0.58670565892926763 
3 19.5 3.9263173273489205 10.657431593836984 0.54136578948337111 -0.41642132175405155 -0.73042204564597801 -0.22734645316745475 -0.90887484573920274 0.34965712493057949 -0.80946690618531447 -0.02323354409359904 -0.58670565892926763 2.840959443996919 1.1000000000000001
1 18.945222033985328 2.7775643845170364 10.901163841959303 0.80946690618531436 0.023233544093598818 0.58670565892926763 
1 19.588831839907314 2.1432209478593167 11.739833028757257 -0.5789572198736791 0.44533684141534408 -0.68299607263464179 
1 18.75044511686886 2.7881122840515973 11.16752494131693 0.051373472339946255 -0.039516736503263497 -0.99789738644605563 
3 19.5 2.2115508514229472 10.725336346283653 -0.60969797402745796 -0.79263382495753576 -6.2450045135165055e-17 0.79096722233386507 -0.60841601480345531 0.064813626068378913 -0.051373472339946664 0.039516736503263816 0.99789738644605563 1.3888659750220007 1.1000000000000001
1 20.04604194140196 1.7915326098034599 11.273689047426023 -0.051373472339946623 0.039516736503263782 0.99789738644605563 
1 16.338831839907314 4.6431374959518683 7.9058066795446091 0.54136578948337111 -0.41642132175405161 -0.73042204564597801 
1 16.161168160092686 1.4995941145017408 6.0067093608650648 -0.54136578948337111 0.41642132175405161 0.73042204564597801 
1 15.600000000000001 4.860026495583182 44.575161003627649 1 0 0 
8 0 20.009187954167786
1 -16.899999999999999 5.3382032947769824 6.5781697155175749 0 -0.012583599978784225 0.9999208233713176 
1 -16.899999999999999 5.0864156776614271 26.585773409640478 1 0 0 
1 -15.600000000000001 5.0864156776614271 26.585773409640478 0 0.012583599978784221 -0.99992082337131782 
1 -16.899999999999999 5.3237321548013803 7.7280786623945881 1 0 0 
1 14.712499999999999 3.3976615123757581 44.556757730546863 -1 0 0 
1 15.25 3.4190614746509178 44.716480084007884 -0 -0.1327956404182685 -0.9911434396119978 
1 -0.71250000000000213 3.3976615123757581 44.556757730546863 1 0 0 
1 -5.75 5.1553644731197821 57.675680556934765 0 -0.13279564041826891 -0.9911434396119978 
1 11.75 5.1553644731197821 57.675680556934765 -1 0 0 
1 11.75 3.3626233274731518 44.29524412217279 0 0.13279564041826891 0.9911434396119978 
1 16.5 4.5976227833630539 53.512878110564365 -1 0 0 
1 16.5 4.1195584778572858 49.944761727961172 0 0.13279564041826891 0.9911434396119978 
1 10.75 4.1195584778572858 49.944761727961172 1 0 0 
1 16.899999999999999 3.6547737363933437 46.475759689319183 -1 0 0 
8 0 11.499999999999995
1 10.75 3.4954189678914211 45.286387561784792 0 0.13279564041826891 0.9911434396119978 
1 -0.87499999999999978 3.4954189678914211 45.286387561784792 -1 0 -0 
1 6.875 5.0225688327015128 56.684537117322762 1 -0 0 
1 -4.7500000000000009 4.6407813664989899 53.83499972843827 -0 0.13279564041826888 0.9911434396119978 
1 11.75 3.6547737363933437 46.47575968931919 0 -0.9911434396119978 0.13279564041826891 
1 16.899999999999999 0.78045776151855151 46.860867046532164 -1 0 0 
1 11.75 0.48830735259835967 44.68035147938577 0 0.13279564041826891 0.9911434396119978 
1 11.75 2.2810484982449899 58.060787914147745 -1 0 0 
1 -5.75 2.2810484982449899 58.060787914147745 0 -0.13279564041826891 -0.9911434396119978 
1 -0.87499999999999978 0.62110299301662852 45.67149491899778 -1 0 -0 
1 -4.7500000000000009 1.7664653916241975 54.22010708565125 -0 0.13279564041826888 0.9911434396119978 
1 6.875 2.1482528578267202 57.06964447453575 1 -0 0 
8 0 11.499999999999995
1 10.75 2.148252857826721 57.069644474535743 0 -0.13279564041826891 -0.9911434396119978 
1 -5.75 2.5902893655692365 44.546597277947058 -0 0.99992082337131771 0.012583599978784218 
1 -5.75 5.1553644731197821 57.675680556934765 0 -0.9911434396119978 0.13279564041826891 
1 15.25 -0.13957762127340961 44.51224300373373 0 0.99992082337131771 0.012583599978784218 
1 -15.600000000000001 -0.57580070308939457 7.6538354225197605 -0 -0.99992082337131771 -0.012583599978784221 
1 -15.862499999999997 0.2241359556076597 7.6639023025027893 -1 0 0 
1 -14.050000000000001 -0.57580070308939457 7.6538354225197605 -0 -0.99992082337131771 -0.012583599978784221 
1 7.8960053991015862 7.8571993941571172 7.7599613250557375 0.79261049405620099 -0.60968002777935681 -0.0076725770734154559 
1 8.801229260075857 -5.6402582718380652 7.590101268109624 0.60219444345851614 0.798286244362161 0.010046110184755224 
1 -14.929813956751927 2.4839695650499372 7.6923413963741982 0.60219444345851614 -0.79828624436216111 -0.010046110184755225 
1 -17.803607331225002 0.23622154122509709 7.6640543947198561 0.79261049405620099 0.60968002777935681 0.0076725770734154559 
1 14.753617107435922 2.5822895510622752 7.9058066795446091 0.60969797402745796 0.79263382495753576 0 
1 14.438333724274578 1.9447729244787983 8.0355835382949685 -0.6180198337317766 -0.78610025984144494 -0.0098927544880118169 
1 15.25 -7.9298914609174069 14.266815435703304 0 0.86873594538499332 -0.49527553664202101 
1 15.25 2.2004693026588931 27.176489356905719 0 -7.0033790488605194e-17 1 
1 17.779479051155214 0.25478113710924377 8.0143156737574692 0.79261049405620099 -0.60968002777935681 -0.0076725770734154541 
1 -14.050000000000001 -0.013180521532293654 26.521597049748678 0 0.012583599978784221 -0.99992082337131782 
1 -14.050000000000001 -0.81311718022934798 26.511530169765649 0 0.9999208233713176 0.012583599978784218 
1 -16.899999999999999 -0.81311718022934798 26.511530169765649 0 0.99992082337131771 0.012583599978784221 
1 -15.600000000000001 -0.81311718022934798 26.511530169765649 0 0.99992082337131771 0.012583599978784221 
1 -15.599999999999998 -0.013180521532293654 26.521597049748678 1 0 0 
1 -16.899999999999999 -0.91762027489515607 7.9323876747753435 0 -0.86873594538499332 0.49527553664202101 
8 0 3.5595858798327846
1 -16.899999999999999 0.93128090131960017 10.437895468956896 0 -1.2475867273384176e-16 -1 
1 -16.899999999999999 1.3916033593667558 10.175460774446073 -0 0.86873594538499332 -0.49527553664202101 
8 0 1.4191501296576909
1 -16.899999999999999 4.2114840898969899 7.1486668613129289 0 6.2585233312444551e-16 1 
1 -16.899999999999999 1.9454812500981973 5.6711553678405267 0 0.83766411775578808 0.54618570635308394 
1 -17.746382892564078 3.5604420593913337 6.0067093608650648 0.54136578948337111 0.41642132175405161 0.73042204564597801 
1 -16.161168160092686 1.4995941145017408 6.0067093608650648 -0.60969797402745796 0.79263382495753576 -0 
1 -14.753617107435922 2.5822895510622752 7.9058066795446091 -0.54136578948337111 -0.41642132175405161 -0.73042204564597801 
1 -19.411168160092686 -1.0003224335908107 9.8407357100777126 0.5789572198736791 0.44533684141534408 -0.68299607263464179 
3 -19.5 -2.7834188130804156 10.923137144997986 0.54136578948337111 0.41642132175405155 0.73042204564597801 0.22734645316745475 -0.90887484573920274 0.34965712493057949 0.80946690618531447 -0.02323354409359904 -0.58670565892926763 6.4567260090839067 2.5
1 -20.354425704720462 1.7014757059688583 8.9995248091784799 0.80946690618531447 -0.023233544093598981 -0.58670565892926763 
1 -20.996382892564078 1.0605255112987824 9.8407357100777126 0.5789572198736791 0.44533684141534408 -0.68299607263464179 
2 19.5 1.7705094662967209 10.74280158513465 0 -0.99921684096872632 0.039568986902361561 1 0 0 -0 0.039568986902361561 0.99921684096872632 1.1000000000000001
2 19.5 1.7705094662967209 10.742801585134652 0 0.99921684096872632 -0.039568986902361561 1 0 0 0 -0.039568986902361561 -0.99921684096872632 2.5
2 19.5 -3.125653054450038 10.936689620956223 0 0.99921684096872632 -0.039568986902361561 1 0 0 0 -0.039568986902361561 -0.99921684096872632 2.5
1 22 -3.125653054450038 10.936689620956223 0 0.99921684096872621 -0.039568986902361561 
2 19.5 -3.1256530544500372 10.936689620956223 0 -0.99921684096872632 0.039568986902361561 1 0 0 -0 0.039568986902361561 0.99921684096872632 1.1000000000000001
1 20.600000000000001 -4.2247915795156388 10.98021550654882 0 0.99921684096872621 -0.039568986902361561 
2 19.5 2.7697263072654454 10.703232598232288 0 0.99921684096872632 -0.039568986902361561 1 0 0 0 -0.039568986902361561 -0.99921684096872632 1.1000000000000001
1 -15.599999999999998 0.23860709558326143 6.513993355625777 0 -0.012583599978784221 0.99992082337131782 
1 -15.600000000000001 1.9312475205566184 19.125681599261455 0 7.0033790488605194e-17 -1 
1 -15.600000000000001 -3.4222485970938559 11.956369600875105 0 -0.86873594538499332 0.49527553664202101 
1 -15.600000000000001 5.929909389413405 9.3711137270398286 -0 -0.83766411775578808 -0.54618570635308394 
1 11.75 5.1553644731197821 57.675680556934765 0 -0.9911434396119978 0.13279564041826891 
1 11.75 4.1195584778572849 49.944761727961172 0 0.9911434396119978 -0.13279564041826894 
1 11.75 3.4938839063852232 48.061166407672545 0 0.13279564041826883 0.9911434396119978 
1 11.75 4.597622783363053 53.512878110564365 0 -0.9911434396119978 0.13279564041826894 
1 16.5 4.2308997107066153 53.562012497519127 -1 0 0 
1 16.5 4.5976227833630539 53.512878110564365 0 -0.99114343961199769 0.13279564041826891 
1 16.5 4.1195584778572858 49.944761727961172 0 -0.99114343961199769 0.13279564041826891 
1 16.5 3.7528354052008472 49.993896114915934 0 0.13279564041826891 0.9911434396119978 
1 10.75 3.7528354052008472 49.993896114915934 1 0 0 
1 10.75 6.0137122723135121 56.551741476904496 0 -0.9911434396119978 0.13279564041826891 
1 10.75 4.4865624075034187 45.153591921366527 0 -0.9911434396119978 0.13279564041826891 
1 -4.75 4.4865624075034187 45.153591921366527 0 -0.9911434396119978 0.13279564041826891 
1 -4.75 6.0137122723135121 56.551741476904496 0 -0.9911434396119978 0.13279564041826891 
1 -16.338831839907314 4.6431374959518683 7.9058066795446091 0.60969797402745796 -0.79263382495753576 0 
1 -18.003617107435922 0.082373002969723386 11.739833028757257 0.5789572198736791 0.44533684141534408 -0.68299607263464179 
1 -7.4894416247689461 8.169930319483008 8.113924631542325 0.79261049405620099 0.60968002777935681 0.0076725770734154541 
1 -15.25 2.2004693026588944 9.8774829897189456 -0 7.0033790488605194e-17 -1 
1 15.25 0.31972377795221446 8.0151329506806341 0 0.99992082337131771 0.012583599978784218 
3 -19.5 -1.0686523371544427 10.855232392551317 -0.60969797402745796 0.79263382495753576 6.2450045135165055e-17 -0.79096722233386507 -0.60841601480345531 0.064813626068378913 0.051373472339946664 0.039516736503263816 0.99789738644605563 3.156513579595456 2.5
1 -19.48394640917364 2.793027001246136 11.291633961381033 0.80946690618531436 -0.023233544093598818 -0.58670565892926763 
3 -19.5 3.9263173273489169 10.657431593836984 -0.54136578948337111 -0.41642132175405155 -0.73042204564597801 0.22734645316745475 -0.90887484573920274 0.34965712493057949 -0.80946690618531447 0.02323354409359904 0.58670565892926763 2.840959443996919 1.1000000000000001
3 -19.5 3.9263173273489169 10.657431593836984 -0.54136578948337111 -0.41642132175405155 -0.73042204564597801 0.22734645316745475 -0.90887484573920274 0.34965712493057949 -0.80946690618531447 0.02323354409359904 0.58670565892926763 2.840959443996919 1.1000000000000001
1 -19.237366375675379 1.8072610621442278 11.670872187344402 -0.80946690618531447 0.023233544093598981 0.58670565892926763 
3 -19.5 3.9263173273489134 10.657431593836984 -0.54136578948337111 -0.41642132175405155 -0.73042204564597801 0.22734645316745475 -0.90887484573920274 0.34965712493057949 -0.80946690618531447 0.02323354409359904 0.58670565892926763 6.4567260090839067 2.5
1 -19.588831839907314 2.1432209478593167 11.739833028757257 0.5789572198736791 0.44533684141534408 -0.68299607263464179 
3 -19.5 2.2115508514229472 10.725336346283653 0.60969797402745796 -0.79263382495753576 -6.2450045135165055e-17 -0.79096722233386507 -0.60841601480345531 0.064813626068378913 -0.051373472339946664 -0.039516736503263816 -0.99789738644605563 1.3888659750220007 1.1000000000000001
1 -18.802080584317771 2.7483940195765104 10.16453846467329 0.051373472339946255 0.039516736503263497 0.99789738644605563 
1 -20.097677408850871 1.7518143453283723 10.270702570782383 -0.051373472339946623 -0.039516736503263782 -0.99789738644605563 
2 -19.5 -3.125653054450038 10.936689620956223 0 0.99921684096872632 -0.039568986902361561 1 0 0 0 -0.039568986902361561 -0.99921684096872632 2.5
1 -17 -3.125653054450038 10.936689620956223 0 0.99921684096872621 -0.039568986902361561 
2 -19.5 1.7705094662967209 10.742801585134652 0 0.99921684096872632 -0.039568986902361561 1 0 0 0 -0.039568986902361561 -0.99921684096872632 2.5
2 -19.5 1.7705094662967209 10.74280158513465 0 -0.99921684096872632 0.039568986902361561 1 0 0 -0 0.039568986902361561 0.99921684096872632 1.1000000000000001
1 -15.249999999999998 0.8727796979014153 9.2483196485453973 0 -0.86873594538499332 0.49527553664202101 
1 -9.416960373773847 -4.4422436082344348 7.9552055131283712 -0.6180198337317766 0.78610025984144494 0.0098927544880118169 
2 14.699999999999999 3.9918675579537308 51.777954306217531 0 0.9911434396119978 -0.13279564041826891 1 0 0 0 -0.13279564041826891 -0.9911434396119978 1.6000000000000001
1 -15.25 0.31972377795221446 8.0151329506806341 0 0.99992082337131771 0.012583599978784218 
2 -19.5 2.7697263072654454 10.703232598232288 0 0.99921684096872632 -0.039568986902361561 1 0 0 0 -0.039568986902361561 -0.99921684096872632 1.1000000000000001
2 -19.5 -3.1256530544500372 10.936689620956223 0 -0.99921684096872632 0.039568986902361561 1 0 0 -0 0.039568986902361561 0.99921684096872632 1.1000000000000001
1 -18.399999999999999 -4.2247915795156388 10.98021550654882 0 0.99921684096872621 -0.039568986902361561 
1 16.300000000000001 4.358590630610168 51.728819919262769 0 -0.9911434396119978 0.13279564041826891 
2 14.699999999999999 2.7033810864581316 51.950588638761275 0 -0.9911434396119978 0.13279564041826891 1 0 0 0 0.13279564041826891 0.9911434396119978 1.6000000000000001
Polygon3D 0
PolygonOnTriangulations 0
Surfaces 84
1 15.600000000000001 -1.0395063623075933 44.500917763752824 0 0.012583599978784221 -0.99992082337131771 1 0 0 0 -0.99992082337131771 -0.012583599978784221 
1 1.4210854715202005e-15 -1.0354658077442207 38.578661930103557 -0 -0.9911434396119978 0.13279564041826891 0 -0.13279564041826891 -0.9911434396119978 1 0 0 
1 15.600000000000001 -1.0395063623075933 44.500917763752824 0 0.012583599978784221 -0.99992082337131771 1 0 0 0 -0.99992082337131771 -0.012583599978784221 
1 16.899999999999999 -1.0395063623075933 44.500917763752824 -1 0 0 0 0.012583599978784221 -0.99992082337131782 -0 -0.99992082337131782 -0.012583599978784221 
1 16.899999999999999 -1.0395063623075933 44.500917763752824 -1 0 0 0 0.012583599978784221 -0.99992082337131782 -0 -0.99992082337131782 -0.012583599978784221 
1 10.75 3.3626233274731523 44.295244122172782 -0 0.13279564041826891 0.9911434396119978 1 0 0 0 0.9911434396119978 -0.13279564041826891 
1 10.75 3.3626233274731523 44.295244122172782 -0 0.13279564041826891 0.9911434396119978 1 0 0 0 0.9911434396119978 -0.13279564041826891 
1 15.600000000000001 -0.5613295631137929 6.5039264756427499 1 0 -0 0 -0.012583599978784221 0.99992082337131782 0 -0.99992082337131782 -0.012583599978784221 
1 14.825000000000001 -0.00048130401363877251 25.512488999680819 0 0.99992082337131771 0.012583599978784223 0 -0.012583599978784223 0.99992082337131771 1 0 -0 
1 14.050000000000001 -1.0395063623075933 44.500917763752824 0 0.012583599978784219 -0.99992082337131771 1 0 0 0 -0.99992082337131771 -0.012583599978784219 
1 14.050000000000001 -0.5613295631137929 6.5039264756427499 1 0 -0 0 -0.012583599978784221 0.99992082337131782 0 -0.99992082337131782 -0.012583599978784221 
1 16.25 -0.8004179627106931 25.502422119697787 0 0.99992082337131771 0.012583599978784223 0 -0.012583599978784223 0.99992082337131771 1 0 -0 
1 16.899999999999999 -0.5613295631137929 6.5039264756427499 0 -0.012583599978784221 0.99992082337131771 -1 0 0 -0 -0.99992082337131771 -0.012583599978784221 
1 16.899999999999999 -0.57580070308939468 7.6538354225197613 -1 0 0 0 0.012583599978784221 -0.99992082337131782 -0 -0.99992082337131782 -0.012583599978784221 
1 16.899999999999999 -0.56132956311379278 6.5039264756427455 0 -0.012583599978784221 0.99992082337131771 -1 0 0 -0 -0.99992082337131771 -0.012583599978784221 
1 16.899999999999999 -0.5613295631137929 6.5039264756427499 0 -0.012583599978784221 0.99992082337131771 -1 0 0 -0 -0.99992082337131771 -0.012583599978784221 
1 20.996382892564078 1.0605255112987824 9.8407357100777126 -0.54136578948337111 0.41642132175405167 0.73042204564597801 -0.60969797402745796 -0.79263382495753565 2.7755575615628901e-17 0.5789572198736791 -0.44533684141534408 0.6829960726346419 
1 18.003617107435922 0.082373002969723386 11.739833028757257 0.54136578948337111 -0.41642132175405167 -0.73042204564597801 0.60969797402745796 0.79263382495753565 -2.7755575615628901e-17 0.5789572198736791 -0.44533684141534408 0.6829960726346419 
1 19.588831839907314 2.1432209478593167 11.739833028757257 -0.60969797402745796 -0.79263382495753576 -5.5511151231257827e-17 0.541365789483371 -0.41642132175405155 -0.7304220456459779 0.57895721987367921 -0.44533684141534419 0.68299607263464179 
1 16.25 3.0713658052268045 6.956258020204837 -0.57895721987367932 0.44533684141534463 -0.68299607263464146 -0.762814622874875 0 0.64661723695572981 0.28796247791058216 0.89536310940210417 0.33970945473653413 
1 16.25 5.0991148951800822 25.576665359572615 0 0.99992082337131771 0.012583599978784223 0 -0.012583599978784223 0.99992082337131771 1 0 -0 
1 13.824999999999996 3.5086985319332475 45.385501905745969 -0 -0.9911434396119978 0.1327956404182685 0 -0.1327956404182685 -0.9911434396119978 1 0 0 
1 16.899999999999999 3.3626233274731523 44.295244122172782 -1 0 0 0 0.13279564041826891 0.9911434396119978 0 0.9911434396119978 -0.13279564041826891 
1 13.824999999999996 3.5086985319332475 45.385501905745969 -0 -0.9911434396119978 0.1327956404182685 0 -0.1327956404182685 -0.9911434396119978 1 0 0 
1 16.899999999999999 3.6547737363933437 46.475759689319183 -0 -0.13279564041826891 -0.9911434396119978 -1 0 0 0 0.9911434396119978 -0.13279564041826891 
1 13.824999999999996 0.63438255705845537 45.770609262958949 -0 -0.9911434396119978 0.1327956404182685 0 -0.1327956404182685 -0.9911434396119978 1 0 0 
1 13.824999999999996 0.63438255705845537 45.770609262958949 -0 -0.9911434396119978 0.1327956404182685 0 -0.1327956404182685 -0.9911434396119978 1 0 0 
1 -5.75 3.3626233274731518 44.29524412217279 -0 0.13279564041826891 0.9911434396119978 1 0 0 0 0.9911434396119978 -0.13279564041826891 
1 -5.75 5.1553644731197821 57.675680556934765 1 0 0 0 -0.13279564041826891 -0.9911434396119978 0 0.9911434396119978 -0.13279564041826891 
1 -15.25 -0.13957762127340961 44.51224300373373 0 0.012583599978784218 -0.99992082337131771 1 0 0 0 -0.99992082337131771 -0.012583599978784218 
1 15.25 -0.13957762127340961 44.51224300373373 -1 0 0 0 0.012583599978784221 -0.99992082337131782 -0 -0.99992082337131782 -0.012583599978784221 
1 15.599999999999998 -1.0395063623075933 44.500917763752824 -1 0 0 0 0.012583599978784221 -0.99992082337131782 -0 -0.99992082337131782 -0.012583599978784221 
1 16.25 5.0991148951800822 25.576665359572615 0 0.99992082337131771 0.012583599978784223 0 -0.012583599978784223 0.99992082337131771 1 0 -0 
1 -16.899999999999999 -0.57580070308939468 7.6538354225197613 0 0.012583599978784221 -0.99992082337131771 1 0 0 0 -0.99992082337131771 -0.012583599978784221 
1 19.411168160092686 -1.0003224335908107 9.8407357100777126 0.60969797402745796 0.79263382495753576 5.5511151231257827e-17 -0.541365789483371 0.41642132175405155 0.7304220456459779 0.57895721987367921 -0.44533684141534419 0.68299607263464179 
1 14.825000000000001 -0.8004179627106931 25.50242211969779 0 0.99992082337131771 0.012583599978784223 0 -0.012583599978784223 0.99992082337131771 1 0 -0 
1 -1.0165132128184551e-16 -0.56856513310159362 7.0788809490812525 0 0.99992082337131771 0.012583599978784251 0 -0.012583599978784251 0.99992082337131771 1 0 -0 
1 -14.824999999999998 -0.68722337167157044 16.5077283227042 0 0.99992082337131771 0.012583599978784219 0 -0.012583599978784219 0.99992082337131771 1 0 -0 
1 -14.050000000000001 -0.81311718022934798 26.511530169765649 -1 0 0 0 0.012583599978784221 -0.99992082337131782 -0 -0.99992082337131782 -0.012583599978784221 
1 -16.899999999999999 -0.81311718022934798 26.511530169765649 0 0.012583599978784221 -0.99992082337131771 1 0 0 0 -0.99992082337131771 -0.012583599978784221 
1 -16.899999999999999 -0.5613295631137929 6.5039264756427499 1 0 -0 0 -0.012583599978784221 0.99992082337131782 0 -0.99992082337131782 -0.012583599978784221 
1 -15.600000000000001 -0.5613295631137929 6.5039264756427499 0 -0.012583599978784221 0.99992082337131771 -1 0 0 -0 -0.99992082337131771 -0.012583599978784221 
1 -16.899999999999999 -0.56132956311379278 6.5039264756427455 1 0 -0 0 -0.012583599978784221 0.99992082337131782 0 -0.99992082337131782 -0.012583599978784221 
1 -16.25 3.0713658052268045 6.956258020204837 0.57895721987367932 0.44533684141534458 -0.68299607263464146 -0.76281462287487489 -2.7755575615628914e-17 -0.64661723695572981 -0.28796247791058216 0.89536310940210417 0.33970945473653402 
1 -18.003617107435922 0.082373002969723386 11.739833028757257 -0.60969797402745796 0.79263382495753576 5.5511151231257827e-17 -0.541365789483371 -0.41642132175405155 -0.7304220456459779 -0.57895721987367921 -0.44533684141534419 0.68299607263464179 
1 -19.411168160092686 -1.0003224335908107 9.8407357100777126 0.54136578948337111 0.41642132175405167 0.73042204564597801 -0.60969797402745796 0.79263382495753565 -2.7755575615628901e-17 -0.5789572198736791 -0.44533684141534408 0.6829960726346419 
1 19.5 1.7705094662967218 10.742801585134652 0 0.99921684096872632 -0.03956898690236154 0 0.03956898690236154 0.99921684096872632 1 -0 0 
2 19.5 -3.125653054450038 10.936689620956223 -0 -0.99921684096872632 0.039568986902361561 1 0 0 0 -0.039568986902361561 -0.99921684096872632 2.5
2 19.5 -4.2247915795156388 10.98021550654882 -0 -0.99921684096872632 0.039568986902361561 1 0 0 0 -0.039568986902361561 -0.99921684096872632 1.1000000000000001
1 19.5 2.7697263072654454 10.703232598232288 0 0.99921684096872632 -0.039568986902361256 0 0.039568986902361256 0.99921684096872632 1 -0 0 
1 -16.25 5.2123094862192048 16.581971562579028 0 0.99992082337131771 0.012583599978784214 0 -0.012583599978784214 0.99992082337131771 1 0 -0 
1 -16.899999999999999 -0.81311718022934798 26.511530169765649 0 0.012583599978784221 -0.99992082337131771 1 0 0 0 -0.99992082337131771 -0.012583599978784221 
1 -15.600000000000001 -0.81311718022934798 26.511530169765649 -1 0 0 0 0.012583599978784221 -0.99992082337131782 -0 -0.99992082337131782 -0.012583599978784221 
1 -1.0165132128184551e-16 5.3309677247891818 7.1531241889560793 0 0.99992082337131771 0.012583599978784251 0 -0.012583599978784251 0.99992082337131771 1 0 -0 
1 3.0000000000000004 4.258993900296467 50.985462339553777 -0 -0.9911434396119978 0.13279564041826888 0 -0.13279564041826888 -0.9911434396119978 1 0 0 
1 11.75 5.1553644731197821 57.675680556934765 -0 -0.13279564041826891 -0.9911434396119978 -1 0 0 0 0.9911434396119978 -0.13279564041826891 
1 11.75 3.3626233274731518 44.29524412217279 -1 0 0 0 0.13279564041826891 0.9911434396119978 0 0.9911434396119978 -0.13279564041826891 
1 13.625000000000002 4.3585906306101698 51.728819919262769 -0 -0.9911434396119978 0.13279564041826883 0 -0.13279564041826883 -0.9911434396119978 1 0 0 
1 16.5 4.5976227833630539 53.512878110564365 -0 -0.13279564041826894 -0.9911434396119978 -1 0 0 0 0.9911434396119978 -0.13279564041826894 
1 10.75 4.1195584778572858 49.944761727961172 -0 0.13279564041826894 0.9911434396119978 1 0 0 0 0.9911434396119978 -0.13279564041826894 
1 10.75 4.4865624075034187 45.153591921366527 -1 0 0 0 0.13279564041826891 0.9911434396119978 0 0.9911434396119978 -0.13279564041826891 
1 -4.75 4.4865624075034187 45.153591921366527 -0 0.13279564041826891 0.9911434396119978 1 0 0 0 0.9911434396119978 -0.13279564041826891 
1 10.75 6.0137122723135121 56.551741476904496 -0 -0.13279564041826891 -0.9911434396119978 -1 0 0 0 0.9911434396119978 -0.13279564041826891 
1 -4.75 6.0137122723135121 56.551741476904496 1 0 0 0 -0.13279564041826891 -0.9911434396119978 0 0.9911434396119978 -0.13279564041826891 
1 3.0000000000000004 1.3846779254216748 51.370569696766758 -0 -0.9911434396119978 0.13279564041826888 0 -0.13279564041826888 -0.9911434396119978 1 0 0 
1 -14.824999999999998 0.11271328702548389 16.517795202687228 0 0.99992082337131771 0.012583599978784219 0 -0.012583599978784219 0.99992082337131771 1 0 -0 
1 15.25 0.31972377795221446 8.0151329506806341 0 -0.012583599978784218 0.99992082337131771 -1 0 0 -0 -0.99992082337131771 -0.012583599978784218 
1 -15.599999999999998 -0.81311718022934798 26.511530169765649 0 0.012583599978784219 -0.99992082337131771 1 0 0 0 -0.99992082337131771 -0.012583599978784219 
1 -19.588831839907314 2.1432209478593167 11.739833028757257 -0.54136578948337111 -0.41642132175405167 -0.73042204564597801 0.60969797402745796 -0.79263382495753565 2.7755575615628901e-17 -0.5789572198736791 -0.44533684141534408 0.6829960726346419 
1 -20.996382892564078 1.0605255112987824 9.8407357100777126 0.60969797402745796 -0.79263382495753576 -5.5511151231257827e-17 0.541365789483371 0.41642132175405155 0.7304220456459779 -0.57895721987367921 -0.44533684141534419 0.68299607263464179 
2 -19.5 -3.125653054450038 10.936689620956223 -0 -0.99921684096872632 0.039568986902361561 1 0 0 0 -0.039568986902361561 -0.99921684096872632 2.5
1 -19.5 1.7705094662967218 10.742801585134652 0 0.99921684096872632 -0.03956898690236154 0 0.03956898690236154 0.99921684096872632 1 -0 0 
1 19.5 -3.1256530544500372 10.936689620956223 0 0.99921684096872632 -0.03956898690236154 0 0.03956898690236154 0.99921684096872632 1 -0 0 
1 -15.599999999999998 -0.5613295631137929 6.5039264756427499 1 0 -0 0 -0.012583599978784221 0.99992082337131782 0 -0.99992082337131782 -0.012583599978784221 
1 13.625000000000002 3.9918675579537313 51.777954306217531 -0 -0.9911434396119978 0.13279564041826883 0 -0.13279564041826883 -0.9911434396119978 1 0 0 
1 16.5 4.1195584778572858 49.944761727961172 -1 0 0 0 0.13279564041826891 0.9911434396119978 0 0.9911434396119978 -0.13279564041826891 
1 10.75 4.4865624075034187 45.153591921366527 -1 0 0 0 0.13279564041826891 0.9911434396119978 0 0.9911434396119978 -0.13279564041826891 
1 10.75 3.6547737363933437 46.475759689319183 1 0 0 0 -0.13279564041826891 -0.9911434396119978 0 0.9911434396119978 -0.13279564041826891 
1 -15.25 0.31972377795221446 8.0151329506806341 1 0 -0 0 -0.012583599978784221 0.99992082337131782 0 -0.99992082337131782 -0.012583599978784221 
1 -19.499999999999996 2.7697263072654454 10.703232598232288 0 0.99921684096872632 -0.039568986902361256 0 0.039568986902361256 0.99921684096872632 1 -0 0 
2 -19.5 -4.2247915795156388 10.98021550654882 -0 -0.99921684096872632 0.039568986902361561 1 0 0 0 -0.039568986902361561 -0.99921684096872632 1.1000000000000001
1 -19.5 -3.1256530544500372 10.936689620956223 0 0.99921684096872632 -0.03956898690236154 0 0.03956898690236154 0.99921684096872632 1 -0 0 
2 14.699999999999999 4.358590630610168 51.728819919262769 -0 0.9911434396119978 -0.13279564041826891 1 0 0 0 0.13279564041826891 0.9911434396119978 1.6000000000000001
1 14.700000000000001 2.7033810864581316 51.950588638761289 -1.8374171665101886e-16 -0.9911434396119978 0.1327956404182688 0 -0.1327956404182688 -0.9911434396119978 1 -1.8211439704170387e-16 2.4400098934224127e-17 
Triangulations 0

TShapes 472
Ve
1.50000007106295e-07
16.9 -0.240641596520525 44.5109711543962
0 0

0101101
*
Ve
1.50000007345113e-07
14.05 -0.240641596520525 44.5109711543962
0 0

0101101
*
Ed
 1.5e-07 1 1 0
1  1 0 -9.1 -6.25
2  1 1 0 -9.1 -6.25
2  2 2 0 -9.1 -6.25
0

0101000
+472 0 -471 0 *
Ve
1.50000031308289e-07
16.9 1.58137025911379 44.5339004382075
0 0

0101101
*
Ed
 1e-07 1 1 0
1  2 0 0.798928022214427 2.62108415002787
2  3 3 0 0.798928022214427 2.62108415002787
2  4 4 0 0.798928022214427 2.62108415002787
2  5 1 0 0.798928022214427 2.62108415002787
2  6 5 0 0.798928022214427 2.62108415002787
0

0101000
+472 0 -469 0 *
Ve
1.50000007324107e-07
15.6 1.58137025911382 44.5339004382075
0 0

0101101
*
Ed
 1.5e-07 1 1 0
1  3 0 2.425 3.725
2  7 3 0 2.425 3.725
2  8 6 0 2.425 3.725
2  9 7 0 2.425 3.725
2  10 1 0 2.425 3.725
0

0101000
+467 0 -469 0 *
Ve
1.00000007944885e-07
15.6 -0.239569703610539 44.5109846437359
0 0

0101101
*
Ed
 1e-07 1 1 0
1  4 0 0.8 2.6210841500279
2  11 3 0 0.8 2.6210841500279
2  12 8 0 0.8 2.6210841500279
2  13 1 0 0.8 2.6210841500279
0

0101000
+465 0 -467 0 *
Ve
1e-07
14.05 -0.239569703610539 44.5109846437359
0 0

0101101
*
Ed
 1e-07 1 1 0
1  5 0 0 1.55
2  14 9 0 0 1.55
2  15 10 0 0 1.55
2  16 1 0 0 1.55
0

0101000
+463 0 -465 0 *
Ed
 1e-07 1 1 0
1  6 0 0.798928022214427 0.8
2  17 10 0 0.798928022214427 0.8
2  18 11 0 0.798928022214427 0.8
2  19 1 0 0.798928022214427 0.8
0

0101000
+471 0 -463 0 *
Wi

0101100
+470 0 -468 0 +466 0 +464 0 +462 0 +461 0 *
Fa
0  1e-07 1 0

0101000
+460 0 *
Ve
1.50000014211288e-07
16.9 -0.97102949396301 39.0595936043352
0 0

0101101
*
Ed
 1.5e-07 1 1 0
1  7 0 -2.44940508922611 3.05068433495957
2  20 5 0 -2.44940508922611 3.05068433495957
2  21 2 0 -2.44940508922611 3.05068433495957
0

0101000
+458 0 -472 0 *
Ve
1.50000014211288e-07
14.05 -0.97102949396301 39.0595936043352
0 0

0101101
*
Ed
 1.5e-07 1 1 0
1  8 0 5.925 8.775
2  22 12 0 5.925 8.775
2  23 2 0 5.925 8.775
0

0101000
+456 0 -458 0 *
Ed
 1.5e-07 1 1 0
1  9 0 -21.8491687579208 -16.3490793337351
2  24 11 0 -21.8491687579208 -16.3490793337351
2  25 2 0 -21.8491687579208 -16.3490793337351
0

0101000
+471 0 -456 0 *
Wi

0101100
+457 0 +455 0 +454 0 +470 0 *
Fa
0  1e-07 2 0

0101000
+453 0 *
Ve
1.0000000542393e-07
16.9 -0.561329563113793 6.50392647564275
0 0

0101101
*
Ed
 1e-07 1 1 0
1  10 0 0 32.5582449807659
2  26 12 0 0 32.5582449807659
2  27 5 0 0 32.5582449807659
0

0101000
+451 0 -458 0 *
Ve
4.04612247775727e-07
16.9 1.54154719425373 6.53039033088098
0 0

0101101
*
Ed
 1.0000000444228e-07 1 1 0
1  11 0 0 2.10304326924356
2  28 4 0 0 2.10304326924356
2  29 13 0 0 2.10304326924356
2  30 14 0 0 2.10304326924356
2  31 15 0 0 2.10304326924356
2  32 16 0 0 2.10304326924356
2  33 5 0 0 2.10304326924356
0

0101000
+451 0 -449 0 *
Ve
3.39552656945809e-07
16.9 0.9312809013196 6.87830958912411
0 0

0101101
*
Ed
 3.13236990090441e-07 1 1 0
1  12 0 1.52414634203741 2.2266225043006
2  34 14 0 1.52414634203741 2.2266225043006
2  35 17 0 1.52414634203741 2.2266225043006
2  36 4 0 1.52414634203741 2.2266225043006
2  37 5 0 1.52414634203741 2.2266225043006
0

0101000
+447 0 -449 0 *
Ve
3.39551657167854e-07
16.9 0.9312809013196 10.4378954689569
0 0

0101101
*
Ed
 1e-07 1 1 0
1  13 0 0 3.55958587983278
2  38 5 0 0 3.55958587983278
0

0101000
+447 0 -445 0 *
Ve
3.39551658722166e-07
16.9 4.21148408989699 8.56781699097062
0 0

0101101
*
Ed
 1.5e-07 1 1 0
1  14 0 -13.7583195461042 -9.98248500627318
2  39 4 0 -13.7583195461042 -9.98248500627318
2  40 18 0 -13.7583195461042 -9.98248500627318
2  41 5 0 -13.7583195461042 -9.98248500627318
0

0101000
+443 0 -445 0 *
Ve
3.39552656945809e-07
16.9 4.21148408989699 7.14866686131293
0 0

0101101
*
Ed
 1e-07 1 1 0
1  15 0 0 1.41915012965769
2  42 5 0 0 1.41915012965769
2  43 19 0 0 1.41915012965769
0

0101000
+443 0 -441 0 *
Ve
3.80110965480292e-07
16.9 3.29714089449184 6.552483769014
0 0

0101101
*
Ed
 3.269212528974e-07 1 1 0
1  16 0 -2.39717399049361 -1.30563482100548
2  44 14 0 -2.39717399049361 -1.30563482100548
2  45 20 0 -2.39717399049361 -1.30563482100548
2  46 4 0 -2.39717399049361 -1.30563482100548
2  47 5 0 -2.39717399049361 -1.30563482100548
0

0101000
+441 0 -439 0 *
Ve
1.00000004528839e-07
16.9 5.33820329477698 6.57816971551757
0 0

0101101
*
Ed
 1.00000004528839e-07 1 1 0
1  11 0 3.85877598247876 5.9
2  28 4 0 3.85877598247876 5.9
2  29 13 0 3.85877598247876 5.9
2  48 14 0 3.85877598247876 5.9
2  49 15 0 3.85877598247876 5.9
2  50 16 0 3.85877598247876 5.9
2  51 5 0 3.85877598247876 5.9
0

0101000
+439 0 -437 0 *
Ve
1e-07
16.9 4.86002649558318 44.5751610036276
0 0

0101101
*
Ed
 1e-07 1 1 0
1  17 0 0 38
2  52 21 0 0 38
2  53 5 0 0 38
0

0101000
+437 0 -435 0 *
Ve
1.50000007160723e-07
16.9 3.39766151237576 44.5567577305469
0 0

0101101
*
Ed
 1e-07 1 1 0
1  2 0 4.4375192224951 5.9
2  3 3 0 4.4375192224951 5.9
2  4 4 0 4.4375192224951 5.9
2  54 5 0 4.4375192224951 5.9
0

0101000
+433 0 -435 0 *
Ve
1e-07
16.9 3.65477373639334 46.4757596893192
0 0

0101101
*
Ed
 1e-07 1 1 0
1  18 0 0.263850415512474 2.2
2  55 22 0 0.263850415512474 2.2
2  56 23 0 0.263850415512474 2.2
2  57 24 0 0.263850415512474 2.2
2  58 5 0 0.263850415512474 2.2
0

0101000
+433 0 -431 0 *
Ve
1e-07
16.9 0.780457761518552 46.8608670465322
0 0

0101101
*
Ed
 1e-07 1 1 0
1  19 0 0 2.9
2  59 23 0 0 2.9
2  60 25 0 0 2.9
2  61 5 0 0 2.9
0

0101000
+431 0 -429 0 *
Ve
1e-07
16.9 0.48830735259836 44.6803514793858
0 0

0101101
*
Ed
 1e-07 1 1 0
1  20 0 0 2.2
2  62 26 0 0 2.2
2  63 23 0 0 2.2
2  64 27 0 0 2.2
2  65 5 0 0 2.2
0

0101000
+427 0 -429 0 *
Ed
 1e-07 1 1 0
1  21 0 1.79716981132082 2.9
2  66 6 0 1.79716981132082 2.9
2  67 23 0 1.79716981132082 2.9
2  68 7 0 1.79716981132082 2.9
2  69 5 0 1.79716981132082 2.9
0

0101000
+469 0 -427 0 *
Wi

0101100
+457 0 +450 0 -448 0 +446 0 -444 0 +442 0 -440 0 -438 0 -436 0 -434 0 
+432 0 -430 0 -428 0 +426 0 +425 0 +468 0 *
Fa
0  1e-07 5 0

0101000
+424 0 *
Ve
1.50000007119292e-07
15.25 3.36262332747315 44.2952441221728
0 0

0101101
*
Ve
1.50000001776357e-07
15.6 3.36262332747315 44.2952441221728
0 0

0101101
*
Ed
 1e-07 1 1 0
1  22 0 21 21.35
2  70 24 0 21 21.35
2  71 7 0 21 21.35
0

0101000
+422 0 -421 0 *
Ed
 1.5e-07 1 1 0
1  23 0 0.564661032134698 2.36183084345549
2  72 8 0 0.564661032134698 2.36183084345549
2  73 6 0 0.564661032134698 2.36183084345549
2  74 7 0 0.564661032134698 2.36183084345549
0

0101000
+421 0 -467 0 *
Ve
1e-07
-5.75 0.48830735259836 44.6803514793858
0 0

0101101
*
Ed
 1e-07 1 1 0
1  24 0 0 22.65
2  75 27 0 0 22.65
2  76 7 0 0 22.65
0

0101000
+427 0 -418 0 *
Ve
1.50000056845154e-07
-5.75 1.58137025911387 44.5339004382075
0 0

0101101
*
Ed
 1e-07 1 1 0
1  25 0 1.79716981132074 2.9
2  77 28 0 1.79716981132074 2.9
2  78 7 0 1.79716981132074 2.9
2  79 29 0 1.79716981132074 2.9
0

0101000
+416 0 -418 0 *
Ve
1.50000020872193e-07
15.25 1.58137025911379 44.5339004382075
0 0

0101101
*
Ed
 1.5e-07 1 1 0
1  26 0 -17.5 3.5
2  80 7 0 -17.5 3.5
2  81 30 0 -17.5 3.5
0

0101000
+414 0 -416 0 *
Ed
 1.5e-07 1 1 0
1  27 0 -1.75 0.0471698113208341
2  82 7 0 -1.75 0.0471698113208341
2  83 31 0 -1.75 0.0471698113208341
0

0101000
+422 0 -414 0 *
Wi

0101100
-420 0 -419 0 -466 0 -425 0 -417 0 +415 0 +413 0 +412 0 *
Fa
0  1e-07 7 0

0101000
+411 0 *
Ve
2.12132039383325e-07
15.6 0.22413595560766 7.66390230250278
0 0

0101101
*
Ed
 1.00000003552714e-07 1 1 0
1  28 0 0 36.85
2  84 9 0 0 36.85
2  85 32 0 0 36.85
2  86 8 0 0 36.85
0

0101000
+465 0 -409 0 *
Ve
1.50000007160723e-07
15.6 3.39766151237576 44.5567577305469
0 0

0101101
*
Ed
 1.5e-07 1 1 0
1  29 0 -18.7027006138765 -18.438850198364
2  87 8 0 -18.7027006138765 -18.438850198364
2  88 22 0 -18.7027006138765 -18.438850198364
2  89 24 0 -18.7027006138765 -18.438850198364
0

0101000
+407 0 -421 0 *
Ve
1e-07
15.6 4.86002649558318 44.5751610036276
0 0

0101101
*
Ed
 1e-07 1 1 0
1  4 0 4.4375192224951 5.9
2  11 3 0 4.4375192224951 5.9
2  12 8 0 4.4375192224951 5.9
0

0101000
+407 0 -405 0 *
Ve
2.12133034355964e-07
15.6 5.32373215480138 7.72807866239459
0 0

0101101
*
Ed
 1e-07 1 1 0
1  30 0 1.15 38
2  90 33 0 1.15 38
2  91 8 0 1.15 38
2  92 21 0 1.15 38
0

0101000
+403 0 -405 0 *
Ve
2.12132035244143e-07
15.6 3.37238742625741 7.70352177657845
0 0

0101101
*
Ed
 2.12132034355964e-07 1 1 0
1  31 0 3.9485007583252 5.9
2  93 8 0 3.9485007583252 5.9
2  94 34 0 3.9485007583252 5.9
0

0101000
+401 0 -403 0 *
Ve
1.50000000993014e-07
15.6 3.6826240414004 7.90580667954461
0 0

0101101
*
Ed
 1.5e-07 1 1 0
1  32 0 2.3053175856975 2.67567678882793
2  95 8 0 2.3053175856975 2.67567678882793
2  96 20 0 2.3053175856975 2.67567678882793
0

0101000
+401 0 -399 0 *
Ve
1.50000001790181e-07
15.6 1.93124752055662 8.90428492927184
0 0

0101101
*
Ed
 1.5e-07 1 1 0
1  33 0 1.993556923277 4.00956251179634
2  97 8 0 1.993556923277 4.00956251179634
2  98 18 0 1.993556923277 4.00956251179634
0

0101000
+397 0 -399 0 *
Ve
2.12132034578009e-07
15.6 1.93124752055662 7.68538561253132
0 0

0101101
*
Ed
 1.5e-07 1 1 0
1  34 0 -0.486945480328909 0.731953836411609
2  99 8 0 -0.486945480328909 0.731953836411609
2  100 35 0 -0.486945480328909 0.731953836411609
0

0101000
+395 0 -397 0 *
Ed
 2.12132034355964e-07 1 1 0
1  31 0 0.8 2.50724673899008
2  93 8 0 0.8 2.50724673899008
2  94 34 0 0.8 2.50724673899008
0

0101000
+409 0 -395 0 *
Wi

0101100
+408 0 -464 0 +419 0 +406 0 -404 0 +402 0 +400 0 -398 0 +396 0 +394 0 
+393 0 *
Fa
0  1e-07 8 0

0101000
+392 0 *
Ve
1.50000000898955e-07
14.05 0.22413595560766 7.66390230250279
0 0

0101101
*
Ed
 1e-07 1 1 0
1  35 0 1.15 38
2  101 9 0 1.15 38
2  102 11 0 1.15 38
0

0101000
+390 0 -463 0 *
Ed
 1.5e-07 1 1 0
1  36 0 -16.6375 -15.0875
2  103 9 0 -16.6375 -15.0875
2  104 34 0 -16.6375 -15.0875
0

0101000
+409 0 -390 0 *
Wi

0101100
+389 0 +388 0 +408 0 +462 0 *
Fa
0  1e-07 9 0

0101000
+387 0 *
Ve
1.50000003662053e-07
14.05 -0.575800703089395 7.65383542251976
0 0

0101101
*
Ed
 1e-07 1 1 0
1  37 0 1.15 32.5582449807659
2  105 36 0 1.15 32.5582449807659
2  106 11 0 1.15 32.5582449807659
2  107 12 0 1.15 32.5582449807659
0

0101000
+385 0 -456 0 *
Ed
 1.5e-07 1 1 0
1  38 0 1.11764819432951e-17 0.8
2  108 11 0 1.11764819432951e-17 0.8
2  109 34 0 1.11764819432951e-17 0.8
0

0101000
+385 0 -390 0 *
Wi

0101100
-384 0 +454 0 -461 0 +389 0 +383 0 *
Fa
0  1e-07 11 0

0101000
+382 0 *
Ve
1.50000001779823e-07
-14.05 -0.575800703089395 7.65383542251976
0 0

0101101
*
Ed
 1e-07 1 1 0
1  39 0 2.85 30.95
2  110 37 0 2.85 30.95
2  111 34 0 2.85 30.95
2  112 12 0 2.85 30.95
0

0101000
+380 0 -385 0 *
Ve
1e-07
-14.05 -0.813117180229348 26.5115301697656
0 0

0101101
*
Ed
 1e-07 1 1 0
1  40 0 0 18.8591879541678
2  113 38 0 0 18.8591879541678
2  114 39 0 0 18.8591879541678
2  115 12 0 0 18.8591879541678
0

0101000
+378 0 -380 0 *
Ve
1e-07
-16.9 -0.813117180229348 26.5115301697656
0 0

0101101
*
Ed
 1e-07 1 1 0
1  41 0 0 2.85
2  116 12 0 0 2.85
2  117 40 0 0 2.85
0

0101000
+378 0 -376 0 *
Ve
1.00000006583291e-07
-16.9 -0.561329563113793 6.50392647564275
0 0

0101101
*
Ed
 1e-07 1 1 0
1  42 0 0 20.0091879541678
2  118 12 0 0 20.0091879541678
2  119 41 0 0 20.0091879541678
0

0101000
+376 0 -374 0 *
Ed
 1e-07 1 1 0
1  43 0 0 33.8
2  120 16 0 0 33.8
2  121 12 0 0 33.8
0

0101000
+374 0 -451 0 *
Wi

0101100
-450 0 +455 0 +384 0 +379 0 +377 0 -375 0 -373 0 -372 0 *
Fa
0  1e-07 12 0

0101000
+371 0 *
Ve
4.04612247775727e-07
16.601021499805 1.1612566859846 6.52560452832548
0 0

0101101
*
Ed
 4.04611254726823e-07 1 1 0
1  44 0 0.266464636253492 0.750233091368663
2  122 15 0 0.266464636253492 0.750233091368663
2  123 17 0 0.266464636253492 0.750233091368663
2  124 13 0 0.266464636253492 0.750233091368663
2  125 16 0 0.266464636253492 0.750233091368663
0

0101000
+449 0 -369 0 *
Ve
3.80110965480292e-07
15.7706216268111 1.80000449645582 6.53364291171187
0 0

0101101
*
Ed
 2.13197940935183e-07 1 1 0
1  45 0 2.40357700321744 3.45125411476352
2  126 15 0 2.40357700321744 3.45125411476352
2  127 35 0 2.40357700321744 3.45125411476352
2  128 13 0 2.40357700321744 3.45125411476352
2  129 16 0 2.40357700321744 3.45125411476352
0

0101000
+369 0 -367 0 *
Ed
 3.80109972185892e-07 1 1 0
1  46 0 -1.82412743910727 0.0513106116037841
2  130 15 0 -1.82412743910727 0.0513106116037841
2  131 20 0 -1.82412743910727 0.0513106116037841
2  132 13 0 -1.82412743910727 0.0513106116037841
2  133 16 0 -1.82412743910727 0.0513106116037841
0

0101000
+439 0 -367 0 *
Ve
1.00000005687117e-07
-16.9 5.33820329477698 6.57816971551757
0 0

0101101
*
Ed
 1e-07 1 1 0
1  47 0 0 33.8
2  134 16 0 0 33.8
2  135 21 0 0 33.8
0

0101000
+437 0 -364 0 *
Ve
3.80110965480292e-07
-16.9 3.29714089449184 6.552483769014
0 0

0101101
*
Ed
 1.00000004528839e-07 1 1 0
1  48 0 3.85877598247876 5.9
2  136 42 0 3.85877598247876 5.9
2  137 41 0 3.85877598247876 5.9
2  138 15 0 3.85877598247876 5.9
2  139 43 0 3.85877598247876 5.9
2  140 16 0 3.85877598247876 5.9
0

0101000
+362 0 -364 0 *
Ve
3.80110965480292e-07
-15.7706216268111 1.80000449645581 6.53364291171187
0 0

0101101
*
Ed
 3.80109972185892e-07 1 1 0
1  49 0 10.1257754828451 12.0012135335562
2  141 15 0 10.1257754828451 12.0012135335562
2  142 44 0 10.1257754828451 12.0012135335562
2  143 42 0 10.1257754828451 12.0012135335562
2  144 16 0 10.1257754828451 12.0012135335562
0

0101000
+360 0 -362 0 *
Ve
4.04612247775727e-07
-16.601021499805 1.1612566859846 6.52560452832548
0 0

0101101
*
Ed
 2.13197944744756e-07 1 1 0
1  50 0 10.8390174796072 11.8866945911533
2  145 15 0 10.8390174796072 11.8866945911533
2  146 45 0 10.8390174796072 11.8866945911533
2  147 42 0 10.8390174796072 11.8866945911533
2  148 16 0 10.8390174796072 11.8866945911533
0

0101000
+360 0 -358 0 *
Ve
4.04612247775727e-07
-16.9 1.54154719425373 6.53039033088098
0 0

0101101
*
Ed
 4.04611254800904e-07 1 1 0
1  51 0 10.9941657238796 11.4779341789948
2  149 15 0 10.9941657238796 11.4779341789948
2  150 46 0 10.9941657238796 11.4779341789948
2  151 42 0 10.9941657238796 11.4779341789948
2  152 16 0 10.9941657238796 11.4779341789948
0

0101000
+358 0 -356 0 *
Ed
 1.0000000444228e-07 1 1 0
1  48 0 0 2.10304326924356
2  136 42 0 0 2.10304326924356
2  137 41 0 0 2.10304326924356
2  153 15 0 0 2.10304326924356
2  154 43 0 0 2.10304326924356
2  155 16 0 0 2.10304326924356
0

0101000
+374 0 -356 0 *
Wi

0101100
+448 0 +368 0 +366 0 -365 0 +436 0 +363 0 -361 0 -359 0 +357 0 +355 0 
-354 0 +372 0 *
Fa
0  0 16 0

0111000
+353 0 *
Ve
1.50000002094765e-07
19.321851620658 1.67183847765395 8.2511099527415
0 0

0101101
*
Ve
1.50000003978256e-07
20.1700014686295 1.69618231029276 8.86585320119613
0 0

0101101
*
Ed
 1.5e-07 1 1 0
1  52 0 -1.94115219194778 -0.893364022362831
2  156 47 0 -1.94115219194778 -0.893364022362831
2  157 17 0 -1.94115219194778 -0.893364022362831
0

0101000
+351 0 -350 0 *
Ve
1.00000018393886e-07
18.3558765311521 -0.188586739359403 8.59580773732027
0 0

0101101
*
Ed
 1e-07 1 1 0
1  53 0 3.8404651427934 4.24449502541603
2  158 48 0 3.8404651427934 4.24449502541603
2  159 17 0 3.8404651427934 4.24449502541603
0

0101000
+351 0 -348 0 *
Ed
 1e-07 1 1 0
1  54 0 1.82274543388684 4.3373984707205
2  160 17 0 1.82274543388684 4.3373984707205
2  161 35 0 1.82274543388684 4.3373984707205
0

0101000
+348 0 -447 0 *
Ve
1e-07
16.1611681600927 1.49959411450174 6.00670936086506
0 0

0101101
*
Ed
 1e-07 1 1 0
1  54 0 4.85380709286392 5.61354084280892
2  160 17 0 4.85380709286392 5.61354084280892
2  161 35 0 4.85380709286392 5.61354084280892
0

0101000
+369 0 -345 0 *
Ve
1e-07
17.7463828925641 3.56044205939133 6.00670936086506
0 0

0101101
*
Ed
 1e-07 1 1 0
1  55 0 0 2.6
2  162 20 0 0 2.6
2  163 17 0 0 2.6
0

0101000
+343 0 -345 0 *
Ed
 1e-07 1 1 0
1  56 0 1.42736180769093 5.61354084280892
2  164 17 0 1.42736180769093 5.61354084280892
2  165 19 0 1.42736180769093 5.61354084280892
0

0101000
+350 0 -343 0 *
Wi

0101100
+349 0 -347 0 -346 0 -446 0 -368 0 -344 0 +342 0 +341 0 *
Fa
0  1e-07 17 0

0101000
+340 0 *
Ve
1.00000031826049e-07
17.0090593592054 0.847391886918998 10.5665528402867
0 0

0101101
*
Ed
 1e-07 1 1 0
1  57 0 2.09754210428601 3.10783084564795
2  166 48 0 2.09754210428601 3.10783084564795
2  167 35 0 2.09754210428601 3.10783084564795
0

0101000
+348 0 -338 0 *
Ed
 1e-07 1 1 0
1  58 0 1.71784324314587 1.90621529458898
2  168 35 0 1.71784324314587 1.90621529458898
2  169 18 0 1.71784324314587 1.90621529458898
0

0101000
+338 0 -445 0 *
Wi

0101100
-337 0 +346 0 +444 0 -336 0 *
Fa
0  1e-07 35 0

0111000
+335 0 *
Ve
1.50000001554312e-07
17.0819132327261 1.7453946470311 10.108588977417
0 0

0101101
*
Ed
 1e-07 1 1 0
1  59 0 1.02840154040162 1.19993722914885
2  170 48 0 1.02840154040162 1.19993722914885
2  171 18 0 1.02840154040162 1.19993722914885
0

0101000
+338 0 -333 0 *
Ve
1.5e-07
18.4630821505962 1.78503734114107 11.109667111507
0 0

0101101
*
Ed
 1.5e-07 1 1 0
1  60 0 0.291006152433019 1.99727592988323
2  172 47 0 0.291006152433019 1.99727592988323
2  173 18 0 0.291006152433019 1.99727592988323
0

0101000
+331 0 -333 0 *
Ve
1.50000001332268e-07
18.4158262948922 2.76236952089358 10.5174551645994
0 0

0101101
*
Ed
 1e-07 1 1 0
1  61 0 6.88612299066438 7.3962651815088
2  174 18 0 6.88612299066438 7.3962651815088
2  175 49 0 6.88612299066438 7.3962651815088
0

0101000
+331 0 -329 0 *
Ve
1.50000003996803e-07
18.7706710746089 2.772554374373 10.7746484342816
0 0

0101101
*
Ed
 1.5e-07 1 1 0
1  62 0 -0.654005413992654 -0.215636930975933
2  176 18 0 -0.654005413992654 -0.215636930975933
2  177 50 0 -0.654005413992654 -0.215636930975933
0

0101000
+329 0 -327 0 *
Ed
 1e-07 1 1 0
1  63 0 1.41316272984191 4.64426687777377
2  178 19 0 1.41316272984191 4.64426687777377
2  179 18 0 1.41316272984191 4.64426687777377
0

0101000
+327 0 -443 0 *
Wi

0101100
-332 0 +330 0 -328 0 -326 0 -325 0 -442 0 +336 0 *
Fa
0  1e-07 18 0

0101000
+324 0 *
Ve
1.50000000444089e-07
18.8187763300497 2.73555156694945 9.84023410540408
0 0

0101101
*
Ed
 1.5e-07 1 1 0
1  64 0 0.393704315064449 1.33008749590968
2  180 19 0 0.393704315064449 1.33008749590968
2  181 50 0 0.393704315064449 1.33008749590968
0

0101000
+327 0 -322 0 *
Ve
1.5e-07
20.1201100368236 1.73455905367106 9.83496288246631
0 0

0101101
*
Ed
 1e-07 1 1 0
1  65 0 3.9931493675669 5.25989546745887
2  182 19 0 3.9931493675669 5.25989546745887
2  183 49 0 3.9931493675669 5.25989546745887
0

0101000
+322 0 -320 0 *
Ed
 1.5e-07 1 1 0
1  66 0 -2.41290926194851 -1.44175762408161
2  184 47 0 -2.41290926194851 -1.44175762408161
2  185 19 0 -2.41290926194851 -1.44175762408161
0

0101000
+350 0 -320 0 *
Ed
 1e-07 1 1 0
1  67 0 1.03657854078332 2.6
2  186 20 0 1.03657854078332 2.6
2  187 19 0 1.03657854078332 2.6
0

0101000
+441 0 -343 0 *
Wi

0101100
-321 0 -319 0 +318 0 -341 0 +317 0 +440 0 +325 0 *
Fa
0  1e-07 19 0

0101000
+316 0 *
Ed
 1e-07 1 1 0
1  68 0 0 0.721409702770944
2  188 20 0 0 0.721409702770944
2  189 35 0 0 0.721409702770944
0

0101000
+345 0 -367 0 *
Wi

0101100
+314 0 +342 0 +317 0 -438 0 -365 0 *
Fa
0  1e-07 20 0

0101000
+313 0 *
Ed
 1e-07 1 1 0
1  69 0 0 1.3
2  190 33 0 0 1.3
2  191 3 0 0 1.3
2  192 21 0 0 1.3
0

0101000
+405 0 -435 0 *
Ve
1e-07
-16.9 5.08641567766143 26.5857734096405
0 0

0101101
*
Ed
 1e-07 1 1 0
1  70 0 0 20.0091879541678
2  193 21 0 0 20.0091879541678
2  194 41 0 0 20.0091879541678
0

0101000
+364 0 -310 0 *
Ve
1e-07
-15.6 5.08641567766143 26.5857734096405
0 0

0101101
*
Ed
 1e-07 1 1 0
1  71 0 0 1.3
2  195 51 0 0 1.3
2  196 52 0 0 1.3
2  197 21 0 0 1.3
2  198 40 0 0 1.3
0

0101000
+310 0 -308 0 *
Ve
2.12133034355964e-07
-15.6 5.32373215480138 7.72807866239458
0 0

0101101
*
Ed
 1e-07 1 1 0
1  72 0 0 18.8591879541678
2  199 51 0 0 18.8591879541678
2  200 53 0 0 18.8591879541678
2  201 21 0 0 18.8591879541678
0

0101000
+308 0 -306 0 *
Ed
 1e-07 1 1 0
1  73 0 1.3 32.5
2  202 54 0 1.3 32.5
2  203 34 0 1.3 32.5
2  204 21 0 1.3 32.5
0

0101000
+306 0 -403 0 *
Wi

0101100
+402 0 +311 0 -434 0 +363 0 +309 0 +307 0 +305 0 +304 0 *
Fa
0  0 21 0

0111000
+303 0 *
Ed
 1.5e-07 1 1 0
1  74 0 -2.1875 -0.887500000000003
2  205 3 0 -2.1875 -0.887500000000003
2  206 22 0 -2.1875 -0.887500000000003
2  207 24 0 -2.1875 -0.887500000000003
0

0101000
+433 0 -407 0 *
Wi

0101100
+301 0 -432 0 +311 0 +404 0 *
Fa
0  1e-07 3 0

0101000
+300 0 *
Ve
1.50000007119292e-07
15.25 3.39766151237576 44.5567577305469
0 0

0101101
*
Ed
 1.5e-07 1 1 0
1  75 0 0.161149584487531 0.425000000000002
2  208 24 0 0.161149584487531 0.425000000000002
2  209 31 0 0.161149584487531 0.425000000000002
0

0101000
+298 0 -422 0 *
Ve
1.500000075886e-07
-5.75 3.39766151237576 44.5567577305469
0 0

0101101
*
Ed
 1.5e-07 1 1 0
1  76 0 -5.0375 15.9625
2  210 24 0 -5.0375 15.9625
2  211 30 0 -5.0375 15.9625
0

0101000
+296 0 -298 0 *
Ve
1e-07
-5.75 5.15536447311978 57.6756805569348
0 0

0101101
*
Ed
 1e-07 1 1 0
1  77 0 0 13.2361495844875
2  212 55 0 0 13.2361495844875
2  213 24 0 0 13.2361495844875
2  214 29 0 0 13.2361495844875
0

0101000
+294 0 -296 0 *
Ve
1e-07
11.75 5.15536447311978 57.6756805569348
0 0

0101101
*
Ed
 1e-07 1 1 0
1  78 0 0 17.5
2  215 55 0 0 17.5
2  216 24 0 0 17.5
2  217 56 0 0 17.5
0

0101000
+292 0 -294 0 *
Ve
1.50000000888178e-07
11.75 4.59762278336305 53.5128781105644
0 0

0101101
*
Ed
 1e-07 1 1 0
1  79 0 9.3 13.5
2  218 55 0 9.3 13.5
2  219 57 0 9.3 13.5
2  220 24 0 9.3 13.5
0

0101000
+290 0 -292 0 *
Ve
1e-07
16.5 4.59762278336305 53.5128781105644
0 0

0101101
*
Ed
 1e-07 1 1 0
1  80 0 0 4.75
2  221 58 0 0 4.75
2  222 59 0 0 4.75
2  223 24 0 0 4.75
0

0101000
+288 0 -290 0 *
Ve
1e-07
16.5 4.11955847785729 49.9447617279612
0 0

0101101
*
Ed
 1e-07 1 1 0
1  81 0 0 3.6
2  224 58 0 0 3.6
2  225 24 0 0 3.6
0

0101000
+286 0 -288 0 *
Ve
1.50000000888178e-07
11.75 4.11955847785728 49.9447617279612
0 0

0101101
*
Ed
 1e-07 1 1 0
1  82 0 1 5.75
2  226 58 0 1 5.75
2  227 60 0 1 5.75
2  228 24 0 1 5.75
0

0101000
+284 0 -286 0 *
Ve
1.50000007160723e-07
11.75 3.65477373639334 46.4757596893192
0 0

0101101
*
Ed
 1e-07 1 1 0
1  79 0 2.2 5.7
2  218 55 0 2.2 5.7
2  219 57 0 2.2 5.7
2  229 24 0 2.2 5.7
0

0101000
+282 0 -284 0 *
Ed
 1e-07 1 1 0
1  83 0 0 5.15
2  230 22 0 0 5.15
2  231 25 0 0 5.15
2  232 24 0 0 5.15
0

0101000
+431 0 -282 0 *
Wi

0101100
+430 0 -301 0 -406 0 +420 0 +297 0 +295 0 +293 0 +291 0 +289 0 +287 0 
+285 0 +283 0 +281 0 +280 0 *
Ve
1.50000000444089e-07
10.75 3.49541896789142 45.2863875617848
0 0

0101101
*
Ve
1.50000007160723e-07
10.75 5.02256883270151 56.6845371173228
0 0

0101101
*
Ed
 1e-07 1 1 0
1  84 0 0 11.5
2  233 24 0 0 11.5
2  234 61 0 0 11.5
0

0101000
+278 0 -277 0 *
Ve
1.50000000888178e-07
-4.75 3.49541896789142 45.2863875617848
0 0

0101101
*
Ed
 1.5e-07 1 1 0
1  85 0 -11.625 3.875
2  235 55 0 -11.625 3.875
2  236 62 0 -11.625 3.875
2  237 24 0 -11.625 3.875
0

0101000
+278 0 -275 0 *
Ve
1.50000007215596e-07
-4.75 5.02256883270151 56.6845371173228
0 0

0101101
*
Ed
 1.5e-07 1 1 0
1  86 0 -11.625 3.875
2  238 55 0 -11.625 3.875
2  239 63 0 -11.625 3.875
2  240 24 0 -11.625 3.875
0

0101000
+273 0 -277 0 *
Ed
 1.5e-07 1 1 0
1  87 0 -8.625 2.875
2  241 55 0 -8.625 2.875
2  242 64 0 -8.625 2.875
2  243 24 0 -8.625 2.875
0

0101000
+275 0 -273 0 *
Wi

0101100
-276 0 +274 0 +272 0 +271 0 *
Fa
0  1e-07 24 0

0101000
+279 0 +270 0 *
Ve
1.50000007136584e-07
11.75 0.780457761518551 46.8608670465322
0 0

0101101
*
Ed
 1.5e-07 1 1 0
1  88 0 -4.9960036108132e-16 2.9
2  244 57 0 -4.9960036108132e-16 2.9
2  245 25 0 -4.9960036108132e-16 2.9
0

0101000
+282 0 -268 0 *
Ed
 1e-07 1 1 0
1  89 0 0 5.15
2  246 26 0 0 5.15
2  247 25 0 0 5.15
2  248 27 0 0 5.15
0

0101000
+429 0 -268 0 *
Wi

0101100
-280 0 -267 0 +266 0 +428 0 *
Fa
0  1e-07 25 0

0101000
+265 0 *
Ve
1e-07
11.75 2.28104849824499 58.0607879141477
0 0

0101101
*
Ed
 1e-07 1 1 0
1  90 0 2.2 13.5
2  249 65 0 2.2 13.5
2  250 57 0 2.2 13.5
2  251 27 0 2.2 13.5
0

0101000
+268 0 -263 0 *
Ve
1e-07
-5.75 2.28104849824499 58.0607879141477
0 0

0101101
*
Ed
 1e-07 1 1 0
1  91 0 0 17.5
2  252 65 0 0 17.5
2  253 56 0 0 17.5
2  254 27 0 0 17.5
0

0101000
+263 0 -261 0 *
Ed
 1e-07 1 1 0
1  92 0 0 13.5
2  255 65 0 0 13.5
2  256 27 0 0 13.5
2  257 29 0 0 13.5
0

0101000
+261 0 -418 0 *
Wi

0101100
+266 0 +262 0 +260 0 +259 0 -417 0 +426 0 *
Ve
1.50000007160723e-07
10.75 0.621102993016629 45.6714949189978
0 0

0101101
*
Ve
1.50000007160723e-07
-4.75 0.621102993016629 45.6714949189978
0 0

0101101
*
Ed
 1.5e-07 1 1 0
1  93 0 -11.625 3.875
2  258 65 0 -11.625 3.875
2  259 62 0 -11.625 3.875
2  260 27 0 -11.625 3.875
0

0101000
+257 0 -256 0 *
Ve
1.50000007160723e-07
-4.75 2.14825285782672 57.0696444745357
0 0

0101101
*
Ed
 1.5e-07 1 1 0
1  94 0 -8.625 2.875
2  261 65 0 -8.625 2.875
2  262 64 0 -8.625 2.875
2  263 27 0 -8.625 2.875
0

0101000
+256 0 -254 0 *
Ve
1.50000007160723e-07
10.75 2.14825285782672 57.0696444745357
0 0

0101101
*
Ed
 1.5e-07 1 1 0
1  95 0 -11.625 3.875
2  264 65 0 -11.625 3.875
2  265 63 0 -11.625 3.875
2  266 27 0 -11.625 3.875
0

0101000
+254 0 -252 0 *
Ed
 1e-07 1 1 0
1  96 0 0 11.5
2  267 27 0 0 11.5
2  268 61 0 0 11.5
0

0101000
+252 0 -257 0 *
Wi

0101100
+255 0 +253 0 +251 0 +250 0 *
Fa
0  0 27 0

0111000
+258 0 +249 0 *
Ed
 1.5e-07 1 1 0
1  97 0 -1.00899899559417 0.807436076872962
2  269 29 0 -1.00899899559417 0.807436076872962
2  270 30 0 -1.00899899559417 0.807436076872962
0

0101000
+416 0 -296 0 *
Ed
 1e-07 1 1 0
1  98 0 0 2.9
2  271 56 0 0 2.9
2  272 29 0 0 2.9
0

0101000
+294 0 -261 0 *
Wi

0101100
-293 0 +247 0 -415 0 +259 0 +246 0 *
Fa
0  1e-07 29 0

0101000
+245 0 *
Ed
 1e-07 1 1 0
1  99 0 1.72108415002788 3.5375192224951
2  273 31 0 1.72108415002788 3.5375192224951
2  274 30 0 1.72108415002788 3.5375192224951
0

0101000
+414 0 -298 0 *
Wi

0101100
-243 0 +295 0 +247 0 +413 0 *
Fa
0  1e-07 30 0

0101000
+242 0 *
Wi

0101100
+412 0 +297 0 +243 0 *
Fa
0  1e-07 31 0

0101000
+240 0 *
Ve
2.12132034355964e-07
-15.6 1.93124752055662 7.68538561253132
0 0

0101101
*
Ve
2.12132038809367e-07
-15.6 0.22413595560766 7.66390230250279
0 0

0101101
*
Ed
 2.12132034355964e-07 1 1 0
1  100 0 -2.50724673899008 -0.8
2  275 53 0 -2.50724673899008 -0.8
2  276 34 0 -2.50724673899008 -0.8
0

0101000
+238 0 -237 0 *
Ve
1.50000002512148e-07
-14.05 0.22413595560766 7.66390230250279
0 0

0101101
*
Ed
 1.5e-07 1 1 0
1  101 0 -1.8125 -0.262499999999998
2  277 66 0 -1.8125 -0.262499999999998
2  278 34 0 -1.8125 -0.262499999999998
0

0101000
+235 0 -237 0 *
Ed
 1.5e-07 1 1 0
1  102 0 -0.8 9.9837030147603e-17
2  279 39 0 -0.8 9.9837030147603e-17
2  280 34 0 -0.8 9.9837030147603e-17
0

0101000
+235 0 -380 0 *
Ve
1.50000004440892e-07
14.9120504818818 2.46042179273998 7.69204505716392
0 0

0101101
*
Ed
 1.5e-07 1 1 0
1  103 0 8.85181957013397 9.71977365764243
2  281 34 0 8.85181957013397 9.71977365764243
2  282 35 0 8.85181957013397 9.71977365764243
0

0101000
+232 0 -395 0 *
Ed
 1.5e-07 1 1 0
1  104 0 10.1475881888089 11.2899924829554
2  283 34 0 10.1475881888089 11.2899924829554
2  284 20 0 10.1475881888089 11.2899924829554
0

0101000
+232 0 -401 0 *
Ve
2.12132035244143e-07
-15.6 3.37238742625741 7.70352177657845
0 0

0101101
*
Ed
 2.12132034355964e-07 1 1 0
1  100 0 -5.9 -3.9485007583252
2  275 53 0 -5.9 -3.9485007583252
2  276 34 0 -5.9 -3.9485007583252
0

0101000
+306 0 -229 0 *
Ve
1.50000001986027e-07
-14.9120504818818 2.46042179273998 7.69204505716392
0 0

0101101
*
Ed
 1.5e-07 1 1 0
1  105 0 -1.11290638850646 0.0294979056400593
2  285 34 0 -1.11290638850646 0.0294979056400593
2  286 44 0 -1.11290638850646 0.0294979056400593
0

0101000
+229 0 -227 0 *
Ed
 1.5e-07 1 1 0
1  106 0 2.78018944708642 3.64814353459488
2  287 34 0 2.78018944708642 3.64814353459488
2  288 45 0 2.78018944708642 3.64814353459488
0

0101000
+238 0 -227 0 *
Wi

0101100
-236 0 +234 0 -233 0 -379 0 -383 0 +388 0 -393 0 +231 0 -230 0 -400 0 
+304 0 -228 0 -226 0 +225 0 *
Fa
0  1e-07 34 0

0101000
+224 0 *
Ve
1e-07
14.7536171074359 2.58228955106228 7.90580667954461
0 0

0101101
*
Ed
 1e-07 1 1 0
1  68 0 2.3073450566629 2.6
2  188 20 0 2.3073450566629 2.6
2  189 35 0 2.3073450566629 2.6
0

0101000
+232 0 -222 0 *
Ed
 1e-07 1 1 0
1  107 0 0 1.38820027065723
2  289 20 0 0 1.38820027065723
2  290 18 0 0 1.38820027065723
0

0101000
+222 0 -399 0 *
Wi

0101100
+221 0 -230 0 -398 0 +220 0 *
Fa
0  1e-07 20 0

0101000
+219 0 *
Ve
1.50000002664535e-07
14.8694755247411 2.49317066655243 8.04248490253725
0 0

0101101
*
Ed
 1e-07 1 1 0
1  58 0 5.41342516357023 5.61354084280892
2  168 35 0 5.41342516357023 5.61354084280892
2  169 18 0 5.41342516357023 5.61354084280892
0

0101000
+217 0 -222 0 *
Ve
1.5000001256074e-07
15.25 2.97718488834662 8.04857602616298
0 0

0101101
*
Ed
 1.5e-07 1 1 0
1  108 0 -1.3133337013221 -0.697618064881755
2  291 18 0 -1.3133337013221 -0.697618064881755
2  292 67 0 -1.3133337013221 -0.697618064881755
0

0101000
+215 0 -217 0 *
Ve
1.50000003662053e-07
15.25 2.20046930265889 8.49138978397201
0 0

0101101
*
Ed
 1.5e-07 1 1 0
1  109 0 11.6610355740338 12.5551111441928
2  293 18 0 11.6610355740338 12.5551111441928
2  294 31 0 11.6610355740338 12.5551111441928
0

0101000
+213 0 -215 0 *
Ed
 1e-07 1 1 0
1  58 0 4.15163163171254 4.75616679939966
2  168 35 0 4.15163163171254 4.75616679939966
2  169 18 0 4.15163163171254 4.75616679939966
0

0101000
+397 0 -213 0 *
Wi

0101100
-396 0 +220 0 +216 0 +214 0 +212 0 +211 0 *
Fa
0  1e-07 18 0

0101000
+210 0 *
Ve
1.50000001986027e-07
15.25 2.20046930265889 8.0388013740114
0 0

0101101
*
Ed
 1.5e-07 1 1 0
1  110 0 -19.1376879828943 -18.6850995729337
2  295 35 0 -19.1376879828943 -18.6850995729337
2  296 31 0 -19.1376879828943 -18.6850995729337
0

0101000
+208 0 -213 0 *
Ed
 1.5e-07 1 1 0
1  111 0 -3.67141685384724 -3.19132672368562
2  297 35 0 -3.67141685384724 -3.19132672368562
2  298 67 0 -3.67141685384724 -3.19132672368562
0

0101000
+217 0 -208 0 *
Wi

0101100
-394 0 -211 0 +207 0 +206 0 -216 0 +221 0 -231 0 *
Fa
0  1e-07 35 0

0101000
+205 0 *
Ve
1e-07
-14.05 -0.0131805215322937 26.5215970497487
0 0

0101101
*
Ed
 1e-07 1 1 0
1  112 0 0 18.8591879541678
2  299 66 0 0 18.8591879541678
2  300 39 0 0 18.8591879541678
0

0101000
+203 0 -235 0 *
Ed
 1e-07 1 1 0
1  113 0 0 0.8
2  301 68 0 0 0.8
2  302 39 0 0 0.8
2  303 40 0 0 0.8
0

0101000
+378 0 -203 0 *
Wi

0101100
-377 0 +233 0 +202 0 +201 0 *
Fa
0  1e-07 39 0

0101000
+200 0 *
Ed
 1e-07 1 1 0
1  114 0 0 5.9
2  304 52 0 0 5.9
2  305 41 0 0 5.9
2  306 40 0 0 5.9
0

0101000
+376 0 -310 0 *
Ve
1.00000005024603e-07
-15.6 -0.0131805215322937 26.5215970497487
0 0

0101101
*
Ed
 1e-07 1 1 0
1  115 0 0.8 5.9
2  307 52 0 0.8 5.9
2  308 53 0 0.8 5.9
2  309 40 0 0.8 5.9
0

0101000
+197 0 -308 0 *
Ed
 1e-07 1 1 0
1  116 0 0 1.55
2  310 66 0 0 1.55
2  311 68 0 0 1.55
2  312 40 0 0 1.55
0

0101000
+197 0 -203 0 *
Wi

0101100
+198 0 +307 0 -196 0 +195 0 -201 0 +375 0 *
Fa
0  0 40 0

0111000
+194 0 *
Ve
3.39552656945809e-07
-16.9 0.9312809013196 6.87830958912411
0 0

0101101
*
Ed
 3.1323698503118e-07 1 1 0
1  117 0 -2.83074216303905 -2.12826600077586
2  313 43 0 -2.83074216303905 -2.12826600077586
2  314 46 0 -2.83074216303905 -2.12826600077586
2  315 41 0 -2.83074216303905 -2.12826600077586
0

0101000
+356 0 -192 0 *
Ve
3.39551657722965e-07
-16.9 0.9312809013196 10.4378954689569
0 0

0101101
*
Ed
 1e-07 1 1 0
1  118 0 0 3.55958587983278
2  316 41 0 0 3.55958587983278
0

0101000
+190 0 -192 0 *
Ve
3.39551657833988e-07
-16.9 4.21148408989699 8.56781699097062
0 0

0101101
*
Ed
 1.5e-07 1 1 0
1  119 0 -0.529876149930871 3.24595838990012
2  317 41 0 -0.529876149930871 3.24595838990012
2  318 69 0 -0.529876149930871 3.24595838990012
0

0101000
+190 0 -188 0 *
Ve
3.39552656945809e-07
-16.9 4.21148408989699 7.14866686131293
0 0

0101101
*
Ed
 1e-07 1 1 0
1  120 0 0 1.41915012965769
2  319 70 0 0 1.41915012965769
2  320 41 0 0 1.41915012965769
0

0101000
+186 0 -188 0 *
Ed
 3.26921246564874e-07 1 1 0
1  121 0 1.61360575885106 2.70514492833919
2  321 43 0 1.61360575885106 2.70514492833919
2  322 44 0 1.61360575885106 2.70514492833919
2  323 41 0 1.61360575885106 2.70514492833919
0

0101000
+362 0 -186 0 *
Wi

0101100
+373 0 +354 0 +191 0 -189 0 +187 0 -185 0 -184 0 +361 0 +309 0 -198 0 
*
Fa
0  0 41 0

0111000
+183 0 *
Wi

0101100
-366 0 +314 0 +344 0 *
Fa
0  1e-07 35 0

0101000
+181 0 *
Ve
1e-07
-17.7463828925641 3.56044205939133 6.00670936086506
0 0

0101101
*
Ed
 1e-07 1 1 0
1  122 0 0 1.56342145921668
2  324 44 0 0 1.56342145921668
2  325 70 0 0 1.56342145921668
0

0101000
+179 0 -186 0 *
Ve
1e-07
-16.1611681600927 1.49959411450174 6.00670936086506
0 0

0101101
*
Ed
 1e-07 1 1 0
1  123 0 0 2.6
2  326 44 0 0 2.6
2  327 46 0 0 2.6
0

0101000
+177 0 -179 0 *
Ed
 1e-07 1 1 0
1  124 0 1.87859029722906 2.6
2  328 44 0 1.87859029722906 2.6
2  329 45 0 1.87859029722906 2.6
0

0101000
+360 0 -177 0 *
Wi

0101100
+178 0 +176 0 +175 0 -359 0 -184 0 *
Fa
0  1e-07 44 0

0101000
+174 0 *
Ed
 1e-07 1 1 0
1  125 0 4.85380709286392 5.61354084280892
2  330 45 0 4.85380709286392 5.61354084280892
2  331 46 0 4.85380709286392 5.61354084280892
0

0101000
+358 0 -177 0 *
Wi

0101100
-172 0 +175 0 -357 0 *
Fa
0  1e-07 45 0

0101000
+171 0 *
Ve
1.00000018093911e-07
-18.3558765311521 -0.188586739359403 8.59580773732027
0 0

0101101
*
Ve
1.50000002673771e-07
-19.321851620658 1.67183847765395 8.2511099527415
0 0

0101101
*
Ed
 1e-07 1 1 0
1  126 0 2.03869028176356 2.44272016438618
2  332 71 0 2.03869028176356 2.44272016438618
2  333 46 0 2.03869028176356 2.44272016438618
0

0101000
+169 0 -168 0 *
Ve
1.50000001790181e-07
-20.1700014686295 1.69618231029276 8.86585320119613
0 0

0101101
*
Ed
 1.5e-07 1 1 0
1  127 0 0.227834188997433 1.27562235858238
2  334 72 0 0.227834188997433 1.27562235858238
2  335 46 0 0.227834188997433 1.27562235858238
0

0101000
+166 0 -168 0 *
Ed
 1e-07 1 1 0
1  128 0 1.42736180769093 5.61354084280892
2  336 46 0 1.42736180769093 5.61354084280892
2  337 70 0 1.42736180769093 5.61354084280892
0

0101000
+166 0 -179 0 *
Ed
 1e-07 1 1 0
1  125 0 1.82274543388684 4.3373984707205
2  330 45 0 1.82274543388684 4.3373984707205
2  331 46 0 1.82274543388684 4.3373984707205
0

0101000
+169 0 -192 0 *
Wi

0101100
-167 0 +165 0 -164 0 +176 0 +172 0 -355 0 -191 0 +163 0 *
Fa
0  1e-07 46 0

0101000
+162 0 *
Ve
1.00000000888178e-07
20.6 1.77050946629672 10.7428015851347
0 0

0101101
*
Ed
 1e-07 1 1 0
1  129 0 0 2.80128670160163
2  338 47 0 0 2.80128670160163
2  339 49 0 0 2.80128670160163
0

0101000
+160 0 -331 0 *
Ed
 1e-07 1 1 0
1  129 0 5.31129156444565 6.28318530717959
2  338 47 0 5.31129156444565 6.28318530717959
2  339 49 0 5.31129156444565 6.28318530717959
0

0101000
+320 0 -160 0 *
Ve
1e-07
22 1.77050946629672 10.7428015851347
0 0

0101101
*
Ed
 1e-07 1 1 0
1  130 0 0 1.64211612467661
2  340 48 0 0 1.64211612467661
2  341 47 0 0 1.64211612467661
0

0101000
+157 0 -351 0 *
Ed
 1e-07 1 1 0
1  130 0 2.88489905991395 6.28318530717959
2  340 48 0 2.88489905991395 6.28318530717959
2  341 47 0 2.88489905991395 6.28318530717959
0

0101000
+333 0 -157 0 *
Wi

0101100
+330 0 +159 0 +158 0 +318 0 +349 0 +156 0 +155 0 *
Fa
0  1e-07 47 0

0101000
+154 0 *
Ve
1e-07
22 -3.12565305445004 10.9366896209562
0 0

0101101
*
Ed
 1e-07 1 1 0
1  131 0 0 6.28318530717959
2  342 48 0 0 6.28318530717959
2  343 73 0 0 6.28318530717959
0

0101000
+152 0 -152 0 *
Ed
 1e-07 1 1 0
1  132 0 0 4.9
3  344 345CN 48 0 0 4.9
0

0101000
+152 0 -157 0 *
Wi

0101100
-151 0 -150 0 +155 0 +332 0 +337 0 +347 0 +156 0 +150 0 *
Fa
0  1e-07 48 0

0101000
+149 0 *
Ve
1e-07
20.6 -3.12565305445004 10.9366896209562
0 0

0101101
*
Ed
 1e-07 1 1 0
1  133 0 0 6.28318530717959
2  346 73 0 0 6.28318530717959
2  347 49 0 0 6.28318530717959
0

0101100
+147 0 -147 0 *
Ed
 1e-07 1 1 0
1  134 0 1.1 6
3  348 349CN 49 0 1.1 6
0

0101000
+147 0 -160 0 *
Ed
 1e-07 1 1 0
1  135 0 2.23863984262591 2.97175641473358
2  350 49 0 2.23863984262591 2.97175641473358
2  351 50 0 2.23863984262591 2.97175641473358
0

0101000
+322 0 -329 0 *
Wi

0101100
+146 0 -145 0 -159 0 -328 0 +144 0 -319 0 -158 0 +145 0 *
Fa
0  1e-07 49 0

0101000
+143 0 *
Wi

0101100
+321 0 +326 0 +144 0 *
Fa
0  1e-07 50 0

0101000
+141 0 *
Ed
 1.00000003552714e-07 1 1 0
1  136 0 1.15 20.0091879541678
2  352 66 0 1.15 20.0091879541678
2  353 74 0 1.15 20.0091879541678
2  354 53 0 1.15 20.0091879541678
0

0101000
+237 0 -197 0 *
Ve
1.50000007119292e-07
-15.6 1.93124752055662 8.90428492927184
0 0

0101101
*
Ed
 1.5e-07 1 1 0
1  137 0 10.2213966699896 11.4402959867301
2  355 53 0 10.2213966699896 11.4402959867301
2  356 45 0 10.2213966699896 11.4402959867301
0

0101000
+138 0 -238 0 *
Ve
1.50000004440892e-07
-15.6 3.6826240414004 7.90580667954461
0 0

0101101
*
Ed
 1.5e-07 1 1 0
1  138 0 -8.17840297300651 -6.16239738448717
2  357 53 0 -8.17840297300651 -6.16239738448717
2  358 69 0 -8.17840297300651 -6.16239738448717
0

0101000
+136 0 -138 0 *
Ed
 1.5e-07 1 1 0
1  139 0 2.68280006314915 3.05315926627958
2  359 53 0 2.68280006314915 3.05315926627958
2  360 44 0 2.68280006314915 3.05315926627958
0

0101000
+136 0 -229 0 *
Wi

0101100
+139 0 +236 0 +137 0 +135 0 -134 0 +228 0 +305 0 +196 0 *
Fa
0  1e-07 53 0

0101000
+133 0 *
Ed
 1e-07 1 1 0
1  140 0 0 2.9
2  361 57 0 0 2.9
2  362 56 0 0 2.9
0

0101000
+292 0 -263 0 *
Wi

0101100
+131 0 -246 0 -291 0 +260 0 *
Fa
0  1e-07 56 0

0101000
+130 0 *
Ve
1.50000000888178e-07
11.75 3.75283540520085 49.9938961149159
0 0

0101101
*
Ed
 1.5e-07 1 1 0
1  141 0 -0.369999999999999 -8.88178419700125e-16
2  363 57 0 -0.369999999999999 -8.88178419700125e-16
2  364 60 0 -0.369999999999999 -8.88178419700125e-16
0

0101000
+128 0 -284 0 *
Ve
1.50000000888178e-07
11.75 4.23089971070662 53.5620124975191
0 0

0101101
*
Ed
 1.5e-07 1 1 0
1  142 0 1.94999999999999 5.55
2  365 57 0 1.94999999999999 5.55
2  366 75 0 1.94999999999999 5.55
0

0101000
+128 0 -126 0 *
Ed
 1.5e-07 1 1 0
1  143 0 6.66133814775094e-16 0.369999999999999
2  367 57 0 6.66133814775094e-16 0.369999999999999
2  368 59 0 6.66133814775094e-16 0.369999999999999
0

0101000
+290 0 -126 0 *
Wi

0101100
-281 0 +127 0 -125 0 +124 0 -289 0 -131 0 +262 0 +267 0 *
Fa
0  1e-07 57 0

0101000
+123 0 *
Ve
1e-07
16.5 4.23089971070662 53.5620124975191
0 0

0101101
*
Ed
 1e-07 1 1 0
1  144 0 0 4.75
2  369 75 0 0 4.75
2  370 59 0 0 4.75
0

0101000
+121 0 -126 0 *
Ed
 1e-07 1 1 0
1  145 0 0 0.369999999999999
2  371 59 0 0 0.369999999999999
0

0101000
+288 0 -121 0 *
Wi

0101100
-287 0 -124 0 +120 0 +119 0 *
Fa
0  1e-07 59 0

0101000
+118 0 *
Ve
1e-07
16.5 3.75283540520085 49.9938961149159
0 0

0101101
*
Ed
 1e-07 1 1 0
1  146 0 0 0.369999999999999
2  372 60 0 0 0.369999999999999
0

0101000
+286 0 -116 0 *
Ed
 1e-07 1 1 0
1  147 0 0 3.6
2  373 75 0 0 3.6
0

0101000
+116 0 -121 0 *
Wi

0101100
+115 0 -119 0 -285 0 +114 0 *
Fa
0  1e-07 76 0

0101000
+113 0 *
Ed
 1e-07 1 1 0
1  148 0 1 5.75
2  374 75 0 1 5.75
2  375 60 0 1 5.75
0

0101000
+128 0 -116 0 *
Wi

0101100
-283 0 -115 0 +111 0 -127 0 *
Fa
0  1e-07 60 0

0101000
+110 0 *
Ed
 1e-07 1 1 0
1  149 0 1 3.9
2  376 77 0 1 3.9
2  377 63 0 1 3.9
2  378 61 0 1 3.9
0

0101000
+277 0 -252 0 *
Ed
 1e-07 1 1 0
1  150 0 1 3.9
2  379 62 0 1 3.9
2  380 77 0 1 3.9
2  381 78 0 1 3.9
2  382 61 0 1 3.9
0

0101000
+278 0 -257 0 *
Wi

0101100
-250 0 -108 0 -276 0 +107 0 *
Fa
0  0 61 0

0111000
+106 0 *
Ed
 1e-07 1 1 0
1  151 0 1 3.9
2  383 62 0 1 3.9
2  384 64 0 1 3.9
0

0101000
+275 0 -256 0 *
Wi

0101100
+274 0 -107 0 -255 0 +104 0 *
Fa
0  1e-07 62 0

0101000
+103 0 *
Ed
 1e-07 1 1 0
1  152 0 1 3.9
2  385 63 0 1 3.9
2  386 64 0 1 3.9
0

0101000
+273 0 -254 0 *
Wi

0101100
+272 0 -101 0 -251 0 +108 0 *
Fa
0  1e-07 63 0

0101000
+100 0 *
Wi

0101100
+271 0 -104 0 -253 0 +101 0 *
Fa
0  1e-07 64 0

0101000
+98 0 *
Wi

0101100
+139 0 +234 0 +202 0 +195 0 *
Fa
0  1e-07 66 0

0101000
+96 0 *
Ve
1e-07
-14.7536171074359 2.58228955106228 7.90580667954461
0 0

0101101
*
Ed
 1e-07 1 1 0
1  124 0 0 0.292654943337098
2  328 44 0 0 0.292654943337098
2  329 45 0 0 0.292654943337098
0

0101000
+94 0 -227 0 *
Ed
 1e-07 1 1 0
1  153 0 1.21179972934278 2.6
2  387 44 0 1.21179972934278 2.6
2  388 69 0 1.21179972934278 2.6
0

0101000
+136 0 -94 0 *
Wi

0101100
-134 0 -226 0 +93 0 +92 0 *
Fa
0  1e-07 44 0

0101000
+91 0 *
Ve
1.500000075886e-07
-14.8694755247411 2.49317066655243 8.04248490253725
0 0

0101101
*
Ed
 1e-07 1 1 0
1  154 0 5.41342516357023 5.61354084280892
2  389 45 0 5.41342516357023 5.61354084280892
2  390 69 0 5.41342516357023 5.61354084280892
0

0101000
+89 0 -94 0 *
Ve
1.50000005197931e-07
-15.25 2.20046930265889 8.0388013740114
0 0

0101101
*
Ed
 1.5e-07 1 1 0
1  155 0 -9.7911375554924 -9.31104742533077
2  391 45 0 -9.7911375554924 -9.31104742533077
2  392 67 0 -9.7911375554924 -9.31104742533077
0

0101000
+87 0 -89 0 *
Ve
1.50000001831027e-07
-15.25 2.20046930265889 8.49138978397201
0 0

0101101
*
Ed
 1.5e-07 1 1 0
1  156 0 1.38609320574693 1.83868161570755
2  393 45 0 1.38609320574693 1.83868161570755
2  394 79 0 1.38609320574693 1.83868161570755
0

0101000
+85 0 -87 0 *
Ed
 1e-07 1 1 0
1  154 0 4.15163163171254 4.75616679939966
2  389 45 0 4.15163163171254 4.75616679939966
2  390 69 0 4.15163163171254 4.75616679939966
0

0101000
+138 0 -85 0 *
Wi

0101100
-137 0 -225 0 +93 0 +88 0 +86 0 +84 0 +83 0 *
Fa
0  1e-07 45 0

0101000
+82 0 *
Ed
 1e-07 1 1 0
1  157 0 1.88089444758795 2.65767153586676
2  395 67 0 1.88089444758795 2.65767153586676
2  396 31 0 1.88089444758795 2.65767153586676
0

0101000
+208 0 -215 0 *
Wi

0101100
+206 0 +214 0 +80 0 *
Fa
0  1e-07 67 0

0101000
+79 0 *
Wi

0101100
-80 0 +212 0 +207 0 *
Fa
0  1e-07 31 0

0101000
+77 0 *
Ve
1.00000031826049e-07
-17.0090593592054 0.847391886918998 10.5665528402867
0 0

0101101
*
Ed
 1e-07 1 1 0
1  158 0 3.17535446153164 4.18564320289357
2  397 71 0 3.17535446153164 4.18564320289357
2  398 45 0 3.17535446153164 4.18564320289357
0

0101000
+75 0 -169 0 *
Ed
 1e-07 1 1 0
1  154 0 1.71784324314587 1.90621529458898
2  389 45 0 1.71784324314587 1.90621529458898
2  390 69 0 1.71784324314587 1.90621529458898
0

0101000
+75 0 -190 0 *
Wi

0101100
-74 0 +73 0 +189 0 -163 0 *
Fa
0  1e-07 45 0

0111000
+72 0 *
Ve
1.5000000889288e-07
-18.7706710746089 2.772554374373 10.7746484342816
0 0

0101101
*
Ve
1.50000000444089e-07
-18.4158262948922 2.76236952089358 10.5174551645994
0 0

0101101
*
Ed
 1.5e-07 1 1 0
1  159 0 0.881166764341326 1.31953524735805
2  399 69 0 0.881166764341326 1.31953524735805
2  400 80 0 0.881166764341326 1.31953524735805
0

0101000
+70 0 -69 0 *
Ve
1.00000001776357e-07
-18.4 2.38952357228065 10.7182886265377
0 0

0101101
*
Ed
 1e-07 1 1 0
1  160 0 5.17010543285038 5.33994167170659
2  401 69 0 5.17010543285038 5.33994167170659
2  402 81 0 5.17010543285038 5.33994167170659
0

0101000
+69 0 -67 0 *
Ve
1.5e-07
-18.4630821505962 1.78503734114107 11.109667111507
0 0

0101101
*
Ed
 1e-07 1 1 0
1  161 0 5.33994167170659 5.68024762369479
2  403 69 0 5.33994167170659 5.68024762369479
2  404 81 0 5.33994167170659 5.68024762369479
0

0101000
+67 0 -65 0 *
Ve
1.50000000888178e-07
-17.0819132327261 1.7453946470311 10.108588977417
0 0

0101101
*
Ed
 1.5e-07 1 1 0
1  162 0 -2.66280576324862 -0.956535985798417
2  405 72 0 -2.66280576324862 -0.956535985798417
2  406 69 0 -2.66280576324862 -0.956535985798417
0

0101000
+63 0 -65 0 *
Ed
 1e-07 1 1 0
1  163 0 5.08324807803074 5.25478376677797
2  407 71 0 5.08324807803074 5.25478376677797
2  408 69 0 5.08324807803074 5.25478376677797
0

0101000
+63 0 -75 0 *
Ed
 1e-07 1 1 0
1  164 0 1.41316272984191 4.64426687777377
2  409 69 0 1.41316272984191 4.64426687777377
2  410 70 0 1.41316272984191 4.64426687777377
0

0101000
+70 0 -188 0 *
Wi

0101100
-68 0 -66 0 -64 0 +62 0 -61 0 -73 0 -187 0 +60 0 *
Fa
0  1e-07 69 0

0101000
+59 0 *
Ve
1.5e-07
-20.1201100368236 1.73455905367105 9.83496288246625
0 0

0101101
*
Ve
1.500000037943e-07
-18.8187763300497 2.73555156694945 9.84023410540408
0 0

0101101
*
Ed
 1.316278567195e-07 1 1 0
1  165 0 7.30647514690033 8.57322124679227
2  411 70 0 7.30647514690033 8.57322124679227
2  412 81 0 7.30647514690033 8.57322124679227
0

0101000
+57 0 -56 0 *
Ed
 1.5e-07 1 1 0
1  166 0 -0.324987682775879 0.61139549806935
2  413 70 0 -0.324987682775879 0.61139549806935
2  414 80 0 -0.324987682775879 0.61139549806935
0

0101000
+56 0 -70 0 *
Ed
 1.5e-07 1 1 0
1  167 0 0.436657810947869 1.40780944881471
2  415 72 0 0.436657810947869 1.40780944881471
2  416 70 0 0.436657810947869 1.40780944881471
0

0101000
+57 0 -166 0 *
Wi

0101100
-55 0 -54 0 -60 0 +185 0 +178 0 +164 0 +53 0 *
Fa
0  1e-07 70 0

0101000
+52 0 *
Ve
1e-07
-17 -3.12565305445004 10.9366896209562
0 0

0101101
*
Ed
 1e-07 1 1 0
1  168 0 0 6.28318530717959
2  417 71 0 0 6.28318530717959
2  418 82 0 0 6.28318530717959
0

0101000
+50 0 -50 0 *
Ve
1e-07
-17 1.77050946629672 10.7428015851347
0 0

0101101
*
Ed
 1e-07 1 1 0
1  169 0 0 4.9
3  419 420CN 71 0 0 4.9
0

0101000
+50 0 -48 0 *
Ed
 1e-07 1 1 0
1  170 0 1.49947652891318 6.28318530717959
2  421 71 0 1.49947652891318 6.28318530717959
2  422 72 0 1.49947652891318 6.28318530717959
0

0101000
+168 0 -48 0 *
Ed
 1e-07 1 1 0
1  170 0 0 0.256693593675847
2  421 71 0 0 0.256693593675847
2  422 72 0 0 0.256693593675847
0

0101000
+48 0 -63 0 *
Wi

0101100
-49 0 -47 0 +46 0 +167 0 +74 0 +61 0 +45 0 +47 0 *
Fa
0  1e-07 71 0

0101000
+44 0 *
Ed
 1e-07 1 1 0
1  171 0 0.340305951988162 4.11348639632376
2  423 72 0 0.340305951988162 4.11348639632376
2  424 81 0 0.340305951988162 4.11348639632376
0

0101000
+65 0 -57 0 *
Wi

0101100
+165 0 +53 0 +42 0 +62 0 +45 0 +46 0 *
Fa
0  1e-07 72 0

0101000
+41 0 *
Wi

0101100
+151 0 *
Wi

0101100
+146 0 *
Fa
0  1e-07 73 0

0101000
+39 0 +38 0 *
Ve
1.50000007536444e-07
-15.25 2.97718488834662 8.04857602616298
0 0

0101101
*
Ed
 1.5e-07 1 1 0
1  172 0 -2.4223760990028 -1.52830052884377
2  425 69 0 -2.4223760990028 -1.52830052884377
2  426 79 0 -2.4223760990028 -1.52830052884377
0

0101000
+36 0 -85 0 *
Ed
 1.5e-07 1 1 0
1  173 0 8.82255690411007 9.43827254055041
2  427 69 0 8.82255690411007 9.43827254055041
2  428 67 0 8.82255690411007 9.43827254055041
0

0101000
+89 0 -36 0 *
Wi

0101100
-135 0 -83 0 +35 0 +34 0 -88 0 +92 0 *
Fa
0  1e-07 69 0

0101000
+33 0 *
Wi

0101100
-125 0 +120 0 +114 0 +111 0 *
Ve
1.00000000444089e-07
16.3 3.99186755795373 51.7779543062175
0 0

0101101
*
Ed
 1e-07 1 1 0
1  174 0 0 6.28318530717959
2  429 75 0 0 6.28318530717959
2  430 83 0 0 6.28318530717959
0

0101100
+30 0 -30 0 *
Wi

0101100
+29 0 *
Fa
0  1e-07 75 0

0101000
+31 0 +28 0 *
Ed
 1e-07 1 1 0
1  175 0 1.88089444758795 2.65767153586676
2  431 79 0 1.88089444758795 2.65767153586676
2  432 67 0 1.88089444758795 2.65767153586676
0

0101000
+87 0 -36 0 *
Wi

0101100
-26 0 +34 0 +86 0 *
Fa
0  1e-07 67 0

0101000
+25 0 *
Wi

0101100
+84 0 +35 0 +26 0 *
Fa
0  1e-07 79 0

0101000
+23 0 *
Ed
 1e-07 1 1 0
1  176 0 0.16983623885621 0.902952810963885
2  433 81 0 0.16983623885621 0.902952810963885
2  434 80 0 0.16983623885621 0.902952810963885
0

0101000
+69 0 -56 0 *
Wi

0101100
+68 0 +54 0 +21 0 *
Fa
0  1e-07 80 0

0101000
+20 0 *
Ve
1e-07
-18.4 -3.12565305445004 10.9366896209562
0 0

0101101
*
Ed
 1e-07 1 1 0
1  177 0 0 6.28318530717959
2  435 82 0 0 6.28318530717959
2  436 81 0 0 6.28318530717959
0

0101100
+18 0 -18 0 *
Ed
 1e-07 1 1 0
1  178 0 1.1 6.61949927243401
3  437 438CN 81 0 1.1 6.61949927243401
0

0101000
+18 0 -67 0 *
Wi

0101100
+17 0 -16 0 -64 0 -42 0 -55 0 +21 0 -66 0 +16 0 *
Fa
0  1e-07 81 0

0101000
+15 0 *
Wi

0101100
+49 0 *
Wi

0101100
+17 0 *
Fa
0  1e-07 82 0

0101000
+13 0 +12 0 *
Ve
1e-07
16.3 2.70338108645813 51.9505886387613
0 0

0101101
*
Ed
 1e-07 1 1 0
1  179 0 0.369999999999998 1.67
3  439 440CN 83 0 0.369999999999998 1.67
0

0101000
+30 0 -10 0 *
Ed
 1e-07 1 1 0
1  180 0 0 6.28318530717959
2  441 83 0 0 6.28318530717959
2  442 84 0 0 6.28318530717959
0

0101000
+10 0 -10 0 *
Wi

0101100
+29 0 -9 0 +8 0 +9 0 *
Fa
0  1e-07 83 0

0101000
+7 0 *
Wi

0101100
+8 0 *
Fa
0  1e-07 84 0

0101000
+5 0 *
Sh

0101100
-459 0 +452 0 -423 0 -410 0 -391 0 +386 0 -381 0 -370 0 -352 0 -339 0 
-334 0 -323 0 -315 0 +312 0 +302 0 -299 0 -269 0 -264 0 +248 0 -244 0 
+241 0 +239 0 -223 0 +218 0 -209 0 -204 0 -199 0 -193 0 -182 0 -180 0 
+173 0 -170 0 -161 0 +153 0 -148 0 +142 0 -140 0 -132 0 -129 0 -122 0 
-117 0 -112 0 -109 0 +105 0 +102 0 +99 0 +97 0 +95 0 +90 0 -81 0 
+78 0 +76 0 -71 0 -58 0 -51 0 -43 0 +40 0 -37 0 -32 0 +27 0 
+24 0 +22 0 -19 0 +14 0 -11 0 -6 0 +4 0 *
So

0100000
+3 0 *
Co

1100000
+2 0 *

+1 0 